date,total_cases,new_cases,total_deaths,new_deaths,new_cases_per_million,new_deaths_per_million,people_vaccinated_per_hundred,people_fully_vaccinated_per_hundred,
 2020-1-3,0,0,0,0,0,0,0,0,0
 2020-1-4,0,0,0,0,0,0,0,0,0
 2020-1-5,0,0,0,0,0,0,0,0,0
 2020-1-6,0,0,0,0,0,0,0,0,0
 2020-1-7,0,0,0,0,0,0,0,0,0
 2020-1-8,0,0,0,0,0,0,0,0,0
 2020-1-9,0,0,0,0,0,0,0,0,0
 2020-1-10,0,0,0,0,0,0,0,0,0
 2020-1-11,0,0,0,0,0,0,0,0,0
 2020-1-12,0,0,0,0,0,0,0,0,0
 2020-1-13,0,0,0,0,0,0,0,0,0
 2020-1-14,0,0,0,0,0,0,0,0,0
 2020-1-15,0,0,0,0,0,0,0,0,0
 2020-1-16,0,0,0,0,0,0,0,0,0
 2020-1-17,0,0,0,0,0,0,0,0,0
 2020-1-18,0,0,0,0,0,0,0,0,0
 2020-1-19,0,0,0,0,0,0,0,0,0
 2020-1-20,0,0,0,0,0,0,0,0,0
 2020-1-21,0,0,0,0,0,0,0,0,0
 2020-1-22,0,0,0,0,0,0,0,0,0
 2020-1-23,0,0,0,0,0,0,0,0,0
 2020-1-24,0,0,0,0,0,0,0,0,0
 2020-1-25,0,0,0,0,0,0,0,0,0
 2020-1-26,0,0,0,0,0,0,0,0,0
 2020-1-27,0,0,0,0,0,0,0,0,0
 2020-1-28,0,0,0,0,0,0,0,0,0
 2020-1-29,0,0,0,0,0,0,0,0,0
 2020-1-30,0,0,0,0,0,0,0,0,0
 2020-1-31,0,0,0,0,0,0,0,0,0
 2020-2-1,0,0,0,0,0,0,0,0,0
 2020-2-2,0,0,0,0,0,0,0,0,0
 2020-2-3,0,0,0,0,0,0,0,0,0
 2020-2-4,0,0,0,0,0,0,0,0,0
 2020-2-5,0,0,0,0,0,0,0,0,0
 2020-2-6,0,0,0,0,0,0,0,0,0
 2020-2-7,0,0,0,0,0,0,0,0,0
 2020-2-8,0,0,0,0,0,0,0,0,0
 2020-2-9,0,0,0,0,0,0,0,0,0
 2020-2-10,0,0,0,0,0,0,0,0,0
 2020-2-11,0,0,0,0,0,0,0,0,0
 2020-2-12,0,0,0,0,0,0,0,0,0
 2020-2-13,0,0,0,0,0,0,0,0,0
 2020-2-14,0,0,0,0,0,0,0,0,0
 2020-2-15,0,0,0,0,0,0,0,0,0
 2020-2-16,0,0,0,0,0,0,0,0,0
 2020-2-17,0,0,0,0,0,0,0,0,0
 2020-2-18,0,0,0,0,0,0,0,0,0
 2020-2-19,0,0,0,0,0,0,0,0,0
 2020-2-20,0,0,0,0,0,0,0,0,0
 2020-2-21,0,0,0,0,0,0,0,0,0
 2020-2-22,0,0,0,0,0,0,0,0,0
 2020-2-23,0,0,0,0,0,0,0,0,0
 2020-2-24,0,0,0,0,0,0,0,0,0
 2020-2-25,0,0,0,0,0,0,0,0,0
 2020-2-26,0,0,0,0,0,0,0,0,0
 2020-2-27,0,0,0,0,0,0,0,0,0
 2020-2-28,0,0,0,0,0,0,0,0,0
 2020-2-29,0,0,0,0,0,0,0,0,0
 2020-3-1,0,0,0,0,0,0,0,0,0
 2020-3-2,0,0,0,0,0,0,0,0,0
 2020-3-3,0,0,0,0,0,0,0,0,0
 2020-3-4,0,0,0,0,0,0,0,0,0
 2020-3-5,0,0,0,0,0,0,0,0,0
 2020-3-6,1,1,0,0,0.017,0,0,0,1
 2020-3-7,1,0,0,0,0,0,0,0,1
 2020-3-8,2,1,0,0,0.017,0,0,0,1
 2020-3-9,3,1,0,0,0.017,0,0,0,0
 2020-3-10,7,4,0,0,0.067,0,0,0,1
 2020-3-11,7,0,0,0,0,0,0,0,1
 2020-3-12,13,6,0,0,0.1,0,0,0,1
 2020-3-13,16,3,0,0,0.05,0,0,0,1
 2020-3-14,24,8,0,0,0.134,0,0,0,1
 2020-3-15,38,14,0,0,0.234,0,0,0,1
 2020-3-16,51,13,0,0,0.217,0,0,0,1
 2020-3-17,62,11,0,0,0.184,0,0,0,1
 2020-3-18,85,23,0,0,0.384,0,0,0,1
 2020-3-19,116,31,0,0,0.518,0,0,0,1
 2020-3-20,150,34,0,0,0.568,0,0,0,1
 2020-3-21,202,52,0,0,0.868,0,0,0,1
 2020-3-22,240,38,0,0,0.634,0,0,0,1
 2020-3-23,274,34,0,0,0.568,0,0,0,1
 2020-3-24,402,128,0,0,2.137,0,0,0,1
 2020-3-25,554,152,0,0,2.538,0,0,0,1
 2020-3-26,707,153,0,0,2.555,0,0,0,1
 2020-3-27,926,219,0,0,3.656,0,0,0,1
 2020-3-28,1170,244,1,1,4.074,0.017,0,0,1
 2020-3-29,1187,17,1,0,0.284,0,0,0,1
 2020-3-30,1280,93,2,1,1.553,0.017,0,0,1
 2020-3-31,1326,46,2,0,0.768,0,0,0,1
 2020-4-1,1353,27,5,3,0.451,0.05,0,0,1
 2020-4-2,1380,27,5,0,0.451,0,0,0,0
 2020-4-3,1462,82,5,0,1.369,0,0,0,1
 2020-4-4,1505,43,7,2,0.718,0.033,0,0,1
 2020-4-5,1585,80,9,2,1.336,0.033,0,0,1
 2020-4-6,1655,70,11,2,1.169,0.033,0,0,1
 2020-4-7,1686,31,12,1,0.518,0.017,0,0,1
 2020-4-8,1749,63,13,1,1.052,0.017,0,0,1
 2020-4-9,1845,96,18,5,1.603,0.083,0,0,1
 2020-4-10,1934,89,19,1,1.486,0.017,0,0,1
 2020-4-11,2003,69,27,8,1.152,0.134,0,0,1
 2020-4-12,2028,25,28,1,0.417,0.017,0,0,1
 2020-4-13,2173,145,29,1,2.421,0.017,0,0,1
 2020-4-14,2272,99,34,5,1.653,0.083,0,0,1
 2020-4-15,2415,143,34,0,2.388,0,0,0,1
 2020-4-16,2506,91,34,0,1.519,0,0,0,1
 2020-4-17,2605,99,48,14,1.653,0.234,0,0,1
 2020-4-18,2783,178,50,2,2.972,0.033,0,0,1
 2020-4-19,3034,251,52,2,4.191,0.033,0,0,1
 2020-4-20,3158,124,54,2,2.07,0.033,0,0,1
 2020-4-21,3300,142,58,4,2.371,0.067,0,0,1
 2020-4-22,3465,165,58,0,2.755,0,0,0,1
 2020-4-23,3635,170,65,7,2.838,0.117,0,0,1
 2020-4-24,3953,318,75,10,5.309,0.167,0,0,1
 2020-4-25,4220,267,79,4,4.458,0.067,0,0,1
 2020-4-26,4361,141,86,7,2.354,0.117,0,0,1
 2020-4-27,4546,185,87,1,3.089,0.017,0,0,1
 2020-4-28,4793,247,90,3,4.124,0.05,0,0,1
 2020-4-29,4996,203,93,3,3.389,0.05,0,0,1
 2020-4-30,5350,354,103,10,5.91,0.167,0,0,1
 2020-5-1,5647,297,103,0,4.959,0,0,0,1
 2020-5-2,5951,304,116,13,5.076,0.217,0,0,1
 2020-5-3,6336,385,123,7,6.428,0.117,0,0,1
 2020-5-4,6783,447,131,8,7.463,0.134,0,0,1
 2020-5-5,7220,437,138,7,7.296,0.117,0,0,1
 2020-5-6,7572,352,148,10,5.877,0.167,0,0,1
 2020-5-7,7808,236,153,5,3.94,0.083,0,0,1
 2020-5-8,8232,424,161,8,7.079,0.134,0,0,1
 2020-5-9,8895,663,178,17,11.07,0.284,0,0,1
 2020-5-10,9420,525,186,8,8.766,0.134,0,0,1
 2020-5-11,10015,595,194,8,9.934,0.134,0,0,1
 2020-5-12,10652,637,206,12,10.635,0.2,0,0,1
 2020-5-13,11350,698,206,0,11.654,0,0,0,1
 2020-5-14,12074,724,219,13,12.088,0.217,0,0,1
 2020-5-15,12739,665,238,19,11.103,0.317,0,0,1
 2020-5-16,13524,785,247,9,13.107,0.15,0,0,1
 2020-5-17,14355,831,261,14,13.875,0.234,0,0,1
 2020-5-18,15515,1160,264,3,19.368,0.05,0,0,1
 2020-5-19,16433,918,286,22,15.327,0.367,0,0,1
 2020-5-20,17200,767,312,26,12.806,0.434,0,0,1
 2020-5-21,18003,803,339,27,13.407,0.451,0,0,1
 2020-5-22,19137,1134,369,30,18.933,0.501,0,0,1
 2020-5-23,20125,988,397,28,16.496,0.467,0,0,1
 2020-5-24,21343,1218,407,10,20.336,0.167,0,0,1
 2020-5-25,22583,1240,429,22,20.703,0.367,0,0,1
 2020-5-26,23615,1032,481,52,17.23,0.868,0,0,1
 2020-5-27,24264,649,524,43,10.836,0.718,0,0,1
 2020-5-28,25937,1673,552,28,27.933,0.467,0,0,1
 2020-5-29,27403,1466,577,25,24.477,0.417,0,0,1
 2020-5-30,29240,1837,611,34,30.671,0.568,0,0,1
 2020-5-31,30967,1727,643,32,28.834,0.534,0,0,1
 2020-6-1,32683,1716,683,40,28.651,0.668,0,0,1
 2020-6-2,34357,1674,820,137,27.949,2.287,0,0,1
 2020-6-3,35812,1455,973,153,24.293,2.555,0,0,1
 2020-6-4,37525,1713,1085,112,28.601,1.87,0,0,1
 2020-6-5,40792,3267,1288,203,54.546,3.389,0,0,1
 2020-6-6,43434,2642,1461,173,44.111,2.888,0,0,1
 2020-6-7,45973,2539,1655,194,42.392,3.239,0,0,1
 2020-6-8,48285,2312,1757,102,38.602,1.703,0,0,1
 2020-6-9,50879,2594,1872,115,43.31,1.92,0,0,1
 2020-6-10,52991,2112,2017,145,35.262,2.421,0,0,1
 2020-6-11,55421,2430,2075,58,40.572,0.968,0,0,1
 2020-6-12,58568,3147,2226,151,52.543,2.521,0,0,1
 2020-6-13,61927,3359,2378,152,56.083,2.538,0,0,1
 2020-6-14,65736,3809,2447,69,63.596,1.152,0,0,1
 2020-6-15,70038,4302,2504,57,71.827,0.952,0,0,1
 2020-6-16,73533,3495,2633,129,58.353,2.154,0,0,1
 2020-6-17,76334,2801,2789,156,46.766,2.605,0,0,1
 2020-6-18,80412,4078,2880,91,68.087,1.519,0,0,1
 2020-6-19,83890,3478,3073,193,58.069,3.222,0,0,1
 2020-6-20,87715,3825,3294,221,63.863,3.69,0,0,1
 2020-6-21,92681,4966,3454,160,82.913,2.671,0,0,1
 2020-6-22,97302,4621,3678,224,77.153,3.74,0,0,1
 2020-6-23,101590,4288,3787,109,71.593,1.82,0,0,1
 2020-6-24,106108,4518,3921,134,75.433,2.237,0,0,1
 2020-6-25,111796,5688,4163,242,94.968,4.04,0,0,1
 2020-6-26,118375,6579,4312,149,109.844,2.488,0,0,1
 2020-6-27,124590,6215,4453,141,103.767,2.354,0,0,1
 2020-6-28,131800,7210,4638,185,120.38,3.089,0,0,1
 2020-6-29,138134,6334,4787,149,105.754,2.488,0,0,1
 2020-6-30,144264,6130,4951,164,102.348,2.738,0,0,1
 2020-7-1,151209,6945,5143,192,115.955,3.206,0,0,1
 2020-7-2,159333,8124,5235,92,135.64,1.536,0,0,1
 2020-7-3,168061,8728,5330,95,145.724,1.586,0,0,1
 2020-7-4,177124,9063,5438,108,151.318,1.803,0,0,1
 2020-7-5,187977,10853,5512,74,181.204,1.236,0,0,1
 2020-7-6,196750,8773,5685,173,146.476,2.888,0,0,1
 2020-7-7,205721,8971,5796,111,149.782,1.853,0,0,1
 2020-7-8,215855,10134,5988,192,169.199,3.206,0,0,1
 2020-7-9,224665,8810,6077,89,147.093,1.486,0,0,1
 2020-7-10,238338,13673,6206,129,228.287,2.154,0,0,1
 2020-7-11,250687,12349,6346,140,206.181,2.337,0,0,1
 2020-7-12,264184,13497,6457,111,225.349,1.853,0,0,1
 2020-7-13,276242,12058,6565,108,201.323,1.803,0,0,1
 2020-7-14,287796,11554,6658,93,192.908,1.553,0,0,1
 2020-7-15,298292,10496,6832,174,175.243,2.905,0,0,1
 2020-7-16,311049,12757,6939,107,212.993,1.786,0,0,1
 2020-7-17,324221,13172,7155,216,219.922,3.606,0,0,1
 2020-7-18,337594,13373,7290,135,223.278,2.254,0,0,1
 2020-7-19,350879,13285,7434,144,221.809,2.404,0,0,1
 2020-7-20,364328,13449,7519,85,224.547,1.419,0,0,1
 2020-7-21,373628,9300,7659,140,155.275,2.337,0,0,1
 2020-7-22,381798,8170,7854,195,136.408,3.256,0,0,1
 2020-7-23,394948,13150,8426,572,219.555,9.55,0,0,1
 2020-7-24,408052,13104,8579,153,218.787,2.555,0,0,1
 2020-7-25,421996,13944,8829,250,232.812,4.174,0,0,1
 2020-7-26,434200,12204,9141,312,203.76,5.209,0,0,1
 2020-7-27,445433,11233,9255,114,187.548,1.903,0,0,1
 2020-7-28,452529,7096,9553,298,118.476,4.975,0,0,1
 2020-7-29,459761,7232,9743,190,120.747,3.172,0,0,1
 2020-7-30,471123,11362,9983,240,189.702,4.007,0,0,1
 2020-7-31,482169,11046,10298,315,184.426,5.259,0,0,1
 2020-8-1,493183,11014,10491,193,183.892,3.222,0,0,1
 2020-8-2,503290,10107,10639,148,168.748,2.471,0,0,1
 2020-8-3,511485,8195,10852,213,136.825,3.556,0,0,1
 2020-8-4,516862,5377,11025,173,89.775,2.888,0,0,1
 2020-8-5,521318,4456,11370,345,74.398,5.76,0,0,1
 2020-8-6,529877,8559,11784,414,142.903,6.912,0,0,1
 2020-8-7,538184,8307,12090,306,138.695,5.109,0,0,1
 2020-8-8,545476,7292,12395,305,121.749,5.092,0,0,1
 2020-8-9,553188,7712,12696,301,128.761,5.026,0,0,1
 2020-8-10,559859,6671,12894,198,111.38,3.306,0,0,1
 2020-8-11,563598,3739,13107,213,62.427,3.556,0,0,1
 2020-8-12,566109,2511,13237,130,41.924,2.171,0,0,1
 2020-8-13,568919,2810,13496,259,46.916,4.324,0,0,1
 2020-8-14,572865,3946,13756,260,65.883,4.341,0,0,1
 2020-8-15,579140,6275,14042,286,104.769,4.775,0,0,1
 2020-8-16,583653,4513,14163,121,75.35,2.02,0,0,1
 2020-8-17,587345,3692,14325,162,61.642,2.705,0,0,1
 2020-8-18,589886,2541,14468,143,42.425,2.388,0,0,1
 2020-8-19,592144,2258,14750,282,37.7,4.708,0,0,1
 2020-8-20,596060,3916,14909,159,65.382,2.655,0,0,1
 2020-8-21,599940,3880,15104,195,64.781,3.256,0,0,1
 2020-8-22,603338,3398,15329,225,56.734,3.757,0,0,1
 2020-8-23,607045,3707,15473,144,61.893,2.404,0,0,1
 2020-8-24,609773,2728,15545,72,45.547,1.202,0,0,1
 2020-8-25,611450,1677,15645,100,28,1.67,0,0,1
 2020-8-26,613017,1567,15794,149,26.163,2.488,0,0,1
 2020-8-27,615701,2684,15988,194,44.813,3.239,0,0,1
 2020-8-28,618286,2585,16114,126,43.16,2.104,0,0,1
 2020-8-29,620132,1846,16229,115,30.821,1.92,0,0,1
 2020-8-30,622551,2419,16467,238,40.388,3.974,0,0,1
 2020-8-31,625056,2505,16514,47,41.824,0.785,0,0,1
 2020-9-1,627041,1985,16635,121,33.142,2.02,0,0,1
 2020-9-2,628259,1218,16749,114,20.336,1.903,0,0,1
 2020-9-3,630595,2336,16875,126,39.002,2.104,0,0,1
 2020-9-4,633015,2420,17049,174,40.405,2.905,0,0,1
 2020-9-5,635078,2063,17164,115,34.444,1.92,0,0,1
 2020-9-6,636884,1806,17265,101,30.153,1.686,0,0,1
 2020-9-7,638517,1633,17375,110,27.265,1.837,0,0,1
 2020-9-8,639362,845,17490,115,14.108,1.92,0,0,1
 2020-9-9,640441,1079,17572,82,18.015,1.369,0,0,1
 2020-9-10,642431,1990,17654,82,33.225,1.369,0,0,1
 2020-9-11,644438,2007,17751,97,33.509,1.62,0,0,1
 2020-9-12,646398,1960,17864,113,32.725,1.887,0,0,1
 2020-9-13,648214,1816,17913,49,30.32,0.818,0,0,1
 2020-9-14,649793,1579,17933,20,26.363,0.334,0,0,1
 2020-9-15,650749,956,17985,52,15.962,0.868,0,0,1
 2020-9-16,651521,772,18127,142,12.889,2.371,0,0,1
 2020-9-17,653444,1923,18191,64,32.107,1.069,0,0,1
 2020-9-18,655572,2128,18258,67,35.53,1.119,0,0,1
 2020-9-19,657627,2055,18343,85,34.311,1.419,0,0,1
 2020-9-20,659656,2029,18426,83,33.877,1.386,0,0,1
 2020-9-21,661211,1555,18439,13,25.963,0.217,0,0,1
 2020-9-22,661936,725,18478,39,12.105,0.651,0,0,1
 2020-9-23,663282,1346,18604,126,22.473,2.104,0,0,1
 2020-9-24,665188,1906,18692,88,31.823,1.469,0,0,1
 2020-9-25,667049,1861,18769,77,31.072,1.286,0,0,1
 2020-9-26,668529,1480,18798,29,24.71,0.484,0,0,1
 2020-9-27,669498,969,18862,64,16.179,1.069,0,0,1
 2020-9-28,670766,1268,18884,22,21.171,0.367,0,0,1
 2020-9-29,671669,903,19072,188,15.077,3.139,0,0,1
 2020-9-30,672572,903,19153,81,15.077,1.352,0,0,0
 2020-10-1,674339,1767,19220,67,29.502,1.119,0,0,1
 2020-10-2,676084,1745,19352,132,29.135,2.204,0,0,1
 2020-10-3,677833,1749,19395,43,29.202,0.718,0,0,1
 2020-10-4,679716,1883,19424,29,31.439,0.484,0,0,1
 2020-10-5,681289,1573,19462,38,26.263,0.634,0,0,1
 2020-10-6,682215,926,19502,40,15.461,0.668,0,0,1
 2020-10-7,683242,1027,19589,87,17.147,1.453,0,0,1
 2020-10-8,685155,1913,19734,145,31.94,2.421,0,0,1
 2020-10-9,686891,1736,19894,160,28.985,2.671,0,0,1
 2020-10-10,688532,1641,20033,139,27.398,2.321,0,0,1
 2020-10-11,690896,2364,20044,11,39.47,0.184,0,0,1
 2020-10-12,692471,1575,20048,4,26.297,0.067,0,0,1
 2020-10-13,693359,888,20056,8,14.826,0.134,0,0,1
 2020-10-14,694537,1178,20074,18,19.668,0.301,0,0,1
 2020-10-15,696414,1877,20084,10,31.339,0.167,0,0,1
 2020-10-16,698184,1770,20092,8,29.552,0.134,0,0,1
 2020-10-17,700203,2019,20116,24,33.71,0.401,0,0,1
 2020-10-18,702131,1928,20121,5,32.19,0.083,0,0,1
 2020-10-19,703793,1662,20121,0,27.749,0,0,0,1
 2020-10-20,705254,1461,20132,11,24.393,0.184,0,0,1
 2020-10-21,706304,1050,20296,164,17.531,2.738,0,0,1
 2020-10-22,708359,2055,20304,8,34.311,0.134,0,0,1
 2020-10-23,710515,2156,20324,20,35.997,0.334,0,0,1
 2020-10-24,712412,1897,20331,7,31.673,0.117,0,0,1
 2020-10-25,714246,1834,20341,10,30.621,0.167,0,0,1
 2020-10-26,715868,1622,20346,5,27.081,0.083,0,0,1
 2020-10-27,716759,891,20356,10,14.876,0.167,0,0,1
 2020-10-28,717851,1092,20375,19,18.232,0.317,0,0,1
 2020-10-29,719714,1863,20391,16,31.105,0.267,0,0,1
 2020-10-30,721770,2056,20406,15,34.327,0.25,0,0,1
 2020-10-31,723682,1912,20416,10,31.923,0.167,0,0,1
 2020-11-1,725452,1770,20426,10,29.552,0.167,0,0,1
 2020-11-2,726823,1371,20434,8,22.89,0.134,0,0,1
 2020-11-3,727595,772,20438,4,12.889,0.067,0,0,1
 2020-11-4,728836,1241,20448,10,20.72,0.167,0,0,1
 2020-11-5,730548,1712,20457,9,28.584,0.15,0,0,1
 2020-11-6,732414,1866,20480,23,31.155,0.384,0,0,1
 2020-11-7,734175,1761,20487,7,29.402,0.117,0,0,1
 2020-11-8,735906,1731,20498,11,28.901,0.184,0,0,1
 2020-11-9,737278,1372,20499,1,22.907,0.017,0,0,1
 2020-11-10,738525,1247,20512,13,20.82,0.217,0,0,1
 2020-11-11,740254,1729,20527,15,28.868,0.25,0,0,1
 2020-11-12,742394,2140,20587,60,35.73,1.002,0,0,1
 2020-11-13,744732,2338,20604,17,39.036,0.284,0,0,1
 2020-11-14,746945,2213,20619,15,36.949,0.25,0,0,1
 2020-11-15,749182,2237,20638,19,37.349,0.317,0,0,1
 2020-11-16,751024,1842,20673,35,30.754,0.584,0,0,1
 2020-11-17,752269,1245,20687,14,20.787,0.234,0,0,1
 2020-11-18,754256,1987,20694,7,33.175,0.117,0,0,1
 2020-11-19,757144,2888,20711,17,48.219,0.284,0,0,1
 2020-11-20,759658,2514,20735,24,41.974,0.401,0,0,1
 2020-11-21,762763,3105,20823,88,51.842,1.469,0,0,1
 2020-11-22,765409,2646,20845,22,44.178,0.367,0,0,1
 2020-11-23,767679,2270,20903,58,37.9,0.968,0,0,1
 2020-11-24,769759,2080,20968,65,34.728,1.085,0,0,1
 2020-11-25,772252,2493,21083,115,41.624,1.92,0,0,1
 2020-11-26,775502,3250,21201,118,54.263,1.97,0,0,1
 2020-11-27,778571,3069,21289,88,51.241,1.469,0,0,1
 2020-11-28,781941,3370,21378,89,56.266,1.486,0,0,1
 2020-11-29,785139,3198,21439,61,53.394,1.018,0,0,1
 2020-11-30,787702,2563,21477,38,42.792,0.634,0,0,1
 2020-12-1,790004,2302,21535,58,38.435,0.968,0,0,1
 2020-12-2,792299,2295,21644,109,38.318,1.82,0,0,1
 2020-12-3,796472,4173,21709,65,69.673,1.085,0,0,1
 2020-12-4,800872,4400,21803,94,73.463,1.569,0,0,1
 2020-12-5,805804,4932,21963,160,82.346,2.671,0,0,1
 2020-12-6,810449,4645,22067,104,77.554,1.736,0,0,1
 2020-12-7,814565,4116,22206,139,68.722,2.321,0,0,1
 2020-12-8,817878,3313,22249,43,55.314,0.718,0,0,1
 2020-12-9,821889,4011,22432,183,66.968,3.055,0,0,1
 2020-12-10,828598,6709,22574,142,112.015,2.371,0,0,1
 2020-12-11,836764,8166,22747,173,136.341,2.888,0,0,1
 2020-12-12,845083,8319,22952,205,138.896,3.423,0,0,1
 2020-12-13,852965,7882,23106,154,131.599,2.571,0,0,1
 2020-12-14,860964,7999,23276,170,133.553,2.838,0,0,1
 2020-12-15,866127,5163,23451,175,86.202,2.922,0,0,1
 2020-12-16,873679,7552,23661,210,126.09,3.506,0,0,1
 2020-12-17,883687,10008,23827,166,167.096,2.772,0,0,1
 2020-12-18,892813,9126,24011,184,152.369,3.072,0,0,1
 2020-12-19,901538,8725,24285,274,145.674,4.575,0,0,1
 2020-12-20,912477,10939,24539,254,182.64,4.241,0,0,1
 2020-12-21,921922,9445,24691,152,157.696,2.538,0,0,1
 2020-12-22,930711,8789,24907,216,146.743,3.606,0,0,1
 2020-12-23,940212,9501,25246,339,158.631,5.66,0,0,1
 2020-12-24,954258,14046,25657,411,234.515,6.862,0,0,1
 2020-12-25,968563,14305,25983,326,238.839,5.443,0,0,1
 2020-12-26,983359,14796,26276,293,247.037,4.892,0,0,1
 2020-12-27,994911,11552,26521,245,192.874,4.091,0,0,1
 2020-12-28,1004413,9502,26735,214,158.647,3.573,0,0,1
 2020-12-29,1011871,7458,27071,336,124.52,5.61,0,0,1
 2020-12-30,1021451,9580,27568,497,159.95,8.298,0,0,1
 2020-12-31,1039161,17710,28033,465,295.69,7.764,0,0,1
 2021-1-1,1057561,18400,28469,436,307.21,7.28,0,0,1
 2021-1-2,1073887,16326,28887,418,272.582,6.979,0,0,1
 2021-1-3,1088889,15002,29175,288,250.476,4.809,0,0,1
 2021-1-4,1100748,11859,29577,402,198,6.712,0,0,1
 2021-1-5,1113349,12601,30011,434,210.389,7.246,0,0,1
 2021-1-6,1127759,14410,30524,513,240.592,8.565,0,0,1
 2021-1-7,1149591,21832,31368,844,364.511,14.092,0,0,1
 2021-1-8,1170590,20999,31809,441,350.603,7.363,0,0,1
 2021-1-9,1192570,21980,32425,616,366.982,10.285,0,0,1
 2021-1-10,1214176,21606,32824,399,360.738,6.662,0,0,1
 2021-1-11,1231597,17421,33163,339,290.864,5.66,0,0,1
 2021-1-12,1246643,15046,33579,416,251.211,6.946,0,0,1
 2021-1-13,1259748,13105,34334,755,218.804,12.606,0,0,1
 2021-1-14,1278303,18555,35140,806,309.798,13.457,0,0,1
 2021-1-15,1296806,18503,35852,712,308.93,11.888,0,0,1
 2021-1-16,1311686,14880,36467,615,248.439,10.268,0,0,1
 2021-1-17,1325659,13973,36851,384,233.296,6.411,0,0,1
 2021-1-18,1337926,12267,37105,254,204.812,4.241,0,0,1
 2021-1-19,1346936,9010,37449,344,150.433,5.743,0,0,1
 2021-1-20,1356716,9780,38288,839,163.289,14.008,0,0,1
 2021-1-21,1369426,12710,38854,566,212.209,9.45,0,0,1
 2021-1-22,1380807,11381,39501,647,190.019,10.802,0,0,1
 2021-1-23,1392568,11761,40076,575,196.364,9.6,0,0,1
 2021-1-24,1404839,12271,40574,498,204.879,8.315,0,0,1
 2021-1-25,1412986,8147,40874,300,136.024,5.009,0,0,1
 2021-1-26,1417537,4551,41117,243,75.984,4.057,0,0,1
 2021-1-27,1423578,6041,41797,680,100.862,11.353,0,0,1
 2021-1-28,1430648,7070,42550,753,118.042,12.572,0,0,1
 2021-1-29,1437798,7150,43105,555,119.378,9.266,0,0,1
 2021-1-30,1443939,6141,43633,528,102.531,8.816,0,0,1
 2021-1-31,1449236,5297,43951,318,88.44,5.309,0,0,1
 2021-2-1,1453761,4525,44164,213,75.55,3.556,0,0,1
 2021-2-2,1456309,2548,44399,235,42.542,3.924,0,0,1
 2021-2-3,1458958,2649,44946,547,44.228,9.133,0,0,1
 2021-2-4,1463016,4058,45344,398,67.753,6.645,0,0,1
 2021-2-5,1466767,3751,45605,261,62.627,4.358,0,0,1
 2021-2-6,1470516,3749,45902,297,62.594,4.959,0,0,1
 2021-2-7,1473700,3184,46180,278,53.161,4.642,0,0,1
 2021-2-8,1476135,2435,46290,110,40.655,1.837,0,0,1
 2021-2-9,1477511,1376,46473,183,22.974,3.055,0,0,1
 2021-2-10,1479253,1742,46869,396,29.085,6.612,0,0,1
 2021-2-11,1482412,3159,47145,276,52.743,4.608,0,0,1
 2021-2-12,1484900,2488,47382,237,41.54,3.957,0,0,1
 2021-2-13,1487681,2781,47670,288,46.432,4.809,0,0,1
 2021-2-14,1490063,2382,47821,151,39.77,2.521,0,0,1
 2021-2-15,1491807,1744,47899,78,29.118,1.302,0,0,1
 2021-2-16,1492909,1102,48094,195,18.399,3.256,0,0,1
 2021-2-17,1494119,1210,48313,219,20.202,3.656,0,0,1
 2021-2-18,1496439,2320,48478,165,38.735,2.755,0,0,1
 2021-2-19,1498766,2327,48708,230,38.852,3.84,0.01,0.01,1
 2021-2-20,1500677,1911,48859,151,31.906,2.521,0.02,0.02,1
 2021-2-21,1502367,1690,48940,81,28.217,1.352,0.03,0.03,1
 2021-2-22,1503796,1429,49053,113,23.859,1.887,0.04,0.04,1
 2021-2-23,1504588,792,49150,97,13.223,1.62,0.05,0.05,1
 2021-2-24,1505586,998,49413,263,16.663,4.391,0.07,0.07,1
 2021-2-25,1507448,1862,49523,110,31.088,1.837,0.09,0.09,1
 2021-2-26,1509124,1676,49667,144,27.983,2.404,0.11,0.11,1
 2021-2-27,1510778,1654,49784,117,27.616,1.953,0.11,0.11,1
 2021-2-28,1512225,1447,49941,157,24.159,2.621,0.12,0.12,1
 2021-3-1,1513393,1168,49993,52,19.501,0.868,0.12,0.12,1
 2021-3-2,1513959,566,50077,84,9.45,1.402,0.13,0.13,1
 2021-3-3,1514815,856,50271,194,14.292,3.239,0.14,0.14,1
 2021-3-4,1516262,1447,50366,95,24.159,1.586,0.15,0.15,1
 2021-3-5,1517666,1404,50462,96,23.441,1.603,0.17,0.17,1
 2021-3-6,1518979,1313,50566,104,21.922,1.736,0.17,0.17,1
 2021-3-7,1520206,1227,50647,81,20.486,1.352,0.17,0.17,1
 2021-3-8,1521068,862,50678,31,14.392,0.518,0.17,0.17,1
 2021-3-9,1521706,638,50803,125,10.652,2.087,0.18,0.18,1
 2021-3-10,1522697,991,50906,103,16.546,1.72,0.22,0.22,1
 2021-3-11,1524174,1477,51015,109,24.66,1.82,0.23,0.23,1
 2021-3-12,1525648,1474,51110,95,24.61,1.586,0.24,0.24,1
 2021-3-13,1526873,1225,51179,69,20.453,1.152,0.24,0.24,1
 2021-3-14,1528414,1541,51261,82,25.729,1.369,0.24,0.24,1
 2021-3-15,1529420,1006,51326,65,16.796,1.085,0.25,0.25,1
 2021-3-16,1530033,613,51421,95,10.235,1.586,0.26,0.26,1
 2021-3-17,1530966,933,51560,139,15.578,2.321,0.28,0.28,1
 2021-3-18,1532497,1531,51634,74,25.562,1.236,0.3,0.3,1
 2021-3-19,1533961,1464,51724,90,24.443,1.503,0.31,0.31,1
 2021-3-20,1535423,1462,52035,311,24.41,5.193,0.31,0.31,1
 2021-3-21,1536801,1378,52082,47,23.007,0.785,0.31,0.31,1
 2021-3-22,1537852,1051,52111,29,17.548,0.484,0.31,0.31,1
 2021-3-23,1538451,599,52196,85,10.001,1.419,0.32,0.32,1
 2021-3-24,1538961,510,52251,55,8.515,0.918,0.35,0.35,1
 2021-3-25,1540009,1048,52372,121,17.498,2.02,0.37,0.37,1
 2021-3-26,1541563,1554,52535,163,25.946,2.721,0.39,0.39,1
 2021-3-27,1543079,1516,52602,67,25.311,1.119,0.39,0.39,1
 2021-3-28,1544466,1387,52648,46,23.158,0.768,0.39,0.39,1
 2021-3-29,1545431,965,52663,15,16.112,0.25,0.4,0.4,1
 2021-3-30,1545979,548,52710,47,9.15,0.785,0.42,0.42,1
 2021-3-31,1546735,756,52788,78,12.622,1.302,0.44,0.44,1
 2021-4-1,1548157,1422,52846,58,23.742,0.968,0.45,0.45,1
 2021-4-2,1549451,1294,52897,51,21.605,0.852,0.45,0.45,1
 2021-4-3,1550724,1273,52946,49,21.254,0.818,0.45,0.45,1
 2021-4-4,1551501,777,52954,8,12.973,0.134,0.45,0.45,1
 2021-4-5,1551964,463,52987,33,7.73,0.551,0.45,0.45,1
 2021-4-6,1552416,452,52995,8,7.547,0.134,0.45,0.45,1
 2021-4-7,1552853,437,53032,37,7.296,0.618,0.47,0.47,1
 2021-4-8,1553609,756,53111,79,12.622,1.319,0.47,0.47,1
 2021-4-9,1554975,1366,53173,62,22.807,1.035,0.48,0.48,1
 2021-4-10,1556242,1267,53226,53,21.154,0.885,0.48,0.48,1
 2021-4-11,1557527,1285,53256,30,21.455,0.501,0.48,0.48,1
 2021-4-12,1558458,931,53322,66,15.544,1.102,0.48,0.48,1
 2021-4-13,1559113,655,53356,34,10.936,0.568,0.49,0.49,1
 2021-4-14,1559960,847,53423,67,14.142,1.119,0.49,0.49,1
 2021-4-15,1561559,1599,53498,75,26.697,1.252,0.49,0.49,1
 2021-4-16,1562931,1372,53571,73,22.907,1.219,0.49,0.49,1
 2021-4-17,1564355,1424,53663,92,23.775,1.536,0.49,0.49,1
 2021-4-18,1565680,1325,53711,48,22.122,0.801,0.49,0.49,1
 2021-4-19,1566769,1089,53736,25,18.182,0.417,0.49,0.49,1
 2021-4-20,1567513,744,53757,21,12.422,0.351,0.49,0.49,1
 2021-4-21,1568366,853,53887,130,14.242,2.171,0.49,0.49,1
 2021-4-22,1569935,1569,53940,53,26.196,0.885,0.49,0.49,1
 2021-4-23,1571348,1413,53995,55,23.592,0.918,0.49,0.49,1
 2021-4-24,1572985,1637,54066,71,27.332,1.185,0.49,0.49,1
 2021-4-25,1574370,1385,54125,59,23.124,0.985,0.49,0.49,1
 2021-4-26,1575471,1101,54148,23,18.383,0.384,0.49,0.49,1
 2021-4-27,1576320,849,54186,38,14.175,0.634,0.49,0.49,1
 2021-4-28,1577200,880,54237,51,14.693,0.852,0.5,0.5,1
 2021-4-29,1578450,1250,54285,48,20.87,0.801,0.51,0.51,1
 2021-4-30,1579536,1086,54331,46,18.132,0.768,0.53,0.53,1
 2021-5-1,1581210,1674,54350,19,27.949,0.317,0.53,0.53,1
 2021-5-2,1582842,1632,54406,56,27.248,0.935,0.53,0.53,1
 2021-5-3,1584064,1222,54417,11,20.403,0.184,0.55,0.55,1
 2021-5-4,1584961,897,54452,35,14.976,0.584,0.59,0.59,1
 2021-5-5,1586148,1187,54511,59,19.818,0.985,0.61,0.61,1
 2021-5-6,1588221,2073,54557,46,34.611,0.768,0.61,0.61,1
 2021-5-7,1590370,2149,54620,63,35.88,1.052,0.64,0.64,1
 2021-5-8,1592626,2256,54687,67,37.667,1.119,0.64,0.64,1
 2021-5-9,1594817,2191,54724,37,36.581,0.618,0.64,0.64,1
 2021-5-10,1596595,1778,54735,11,29.686,0.184,0.66,0.66,1
 2021-5-11,1597724,1129,54825,90,18.85,1.503,0.69,0.69,1
 2021-5-12,1599272,1548,54896,71,25.846,1.185,0.72,0.72,1
 2021-5-13,1602031,2759,54968,72,46.065,1.202,0.76,0.76,1
 2021-5-14,1605252,3221,55012,44,53.778,0.735,0.79,0.79,1
 2021-5-15,1608393,3141,55124,112,52.443,1.87,0.8,0.8,1
 2021-5-16,1611143,2750,55183,59,45.915,0.985,0.8,0.8,1
 2021-5-17,1613728,2585,55210,27,43.16,0.451,0.8,0.8,1
 2021-5-18,1615485,1757,55260,50,29.335,0.835,0.87,0.8,1
 2021-5-19,1617840,2355,55340,80,39.32,1.336,0.93,0.8,1
 2021-5-20,1621362,3522,55507,167,58.804,2.788,1,0.8,1
 2021-5-21,1625003,3641,55568,61,60.791,1.018,1.07,0.8,1
 2021-5-22,1628335,3332,55719,151,55.632,2.521,1.08,0.8,1
 2021-5-23,1632571,4236,55772,53,70.725,0.885,1.09,0.8,1
 2021-5-24,1635465,2894,55802,30,48.319,0.501,1.17,0.8,1
 2021-5-25,1637848,2383,55874,72,39.787,1.202,1.27,0.8,1
 2021-5-26,1640932,3084,55976,102,51.491,1.703,1.38,0.8,1
 2021-5-27,1645555,4623,56077,101,77.187,1.686,1.5,0.8,1
 2021-5-28,1649979,4424,56170,93,73.864,1.553,1.61,0.8,1
 2021-5-29,1654555,4576,56293,123,76.402,2.054,1.62,0.8,1
 2021-5-30,1659070,4515,56363,70,75.383,1.169,1.62,0.8,1
 2021-5-31,1662825,3755,56439,76,62.694,1.269,1.74,0.8,1
 2021-6-1,1665617,2792,56506,67,46.616,1.119,1.87,0.8,1
 2021-6-2,1669231,3614,56601,95,60.34,1.586,1.99,0.8,1
 2021-6-3,1675013,5782,56711,110,96.537,1.837,2.12,0.8,1
 2021-6-4,1680373,5360,56765,54,89.492,0.902,2.23,0.8,1
 2021-6-5,1686041,5668,56832,67,94.634,1.119,2.24,0.8,1
 2021-6-6,1691491,5450,56929,97,90.994,1.62,2.25,0.8,1
 2021-6-7,1696564,5073,56974,45,84.7,0.751,2.39,0.8,1
 2021-6-8,1699849,3285,57063,89,54.847,1.486,2.55,0.8,1
 2021-6-9,1704058,4209,57183,120,70.274,2.004,2.7,0.8,1
 2021-6-10,1712939,8881,57310,127,148.279,2.12,2.82,0.8,1
 2021-6-11,1722086,9147,57410,100,152.72,1.67,2.95,0.8,1
 2021-6-12,1730106,8020,57591,181,133.903,3.022,2.96,0.8,1
 2021-6-13,1739425,9319,57653,62,155.592,1.035,2.97,0.8,1
 2021-6-14,1747082,7657,57731,78,127.843,1.302,3.13,0.8,1
 2021-6-15,1752630,5548,57884,153,92.63,2.555,3.28,0.8,1
 2021-6-16,1761066,8436,58041,157,140.849,2.621,3.3,0.8,1
 2021-6-17,1774312,13246,58118,77,221.158,1.286,3.46,0.8,1
 2021-6-18,1786079,11767,58323,205,196.464,3.423,3.57,0.8,1
 2021-6-19,1796589,10510,58441,118,175.477,1.97,3.58,0.8,1
 2021-6-20,1810164,13575,58590,149,226.651,2.488,3.58,0.8,1
 2021-6-21,1823319,13155,58702,112,219.638,1.87,3.72,0.8,1
 2021-6-22,1832479,9160,58795,93,152.937,1.553,3.72,0.8,1
 2021-6-23,1843572,11093,59092,297,185.211,4.959,3.72,0.8,1
 2021-6-24,1861065,17493,59258,166,292.067,2.772,4.26,0.8,1
 2021-6-25,1877143,16078,59406,148,268.441,2.471,4.44,0.8,1
 2021-6-26,1895905,18762,59621,215,313.254,3.59,4.48,0.8,1
 2021-6-27,1913861,17956,59778,157,299.797,2.621,4.64,0.8,1
 2021-6-28,1928897,15036,59900,122,251.044,2.037,4.65,0.8,1
 2021-6-29,1941119,12222,60038,138,204.061,2.304,4.84,0.8,1
 2021-6-30,1954466,13347,60264,226,222.844,3.773,5.05,0.8,1
 2021-7-1,1973972,19506,60647,383,325.676,6.395,5.27,0.8,1
 2021-7-2,1995556,21584,61029,382,360.371,6.378,5.27,0.8,1
 2021-7-3,2019826,24270,61332,303,405.217,5.059,5.52,0.8,1
 2021-7-4,2046311,26485,61507,175,442.199,2.922,5.53,0.8,1
 2021-7-5,2062896,16585,61840,333,276.906,5.56,5.79,0.8,1
 2021-7-6,2075409,12513,62171,331,208.919,5.526,6.06,0.8,1
 2021-7-7,2090909,15500,62628,457,258.791,7.63,6.06,0.8,1
 2021-7-8,2112336,21427,63039,411,357.749,6.862,6.08,2.09,1
 2021-7-9,2135246,22910,63499,460,382.51,7.68,6.27,2.25,1
 2021-7-10,2157687,22441,63873,374,374.679,6.244,6.32,2.26,1
 2021-7-11,2179297,21610,64138,265,360.805,4.424,6.32,2.26,1
 2021-7-12,2195599,16302,64289,151,272.181,2.521,6.49,2.34,1
 2021-7-13,2206781,11182,64509,220,186.697,3.673,6.67,2.44,1
 2021-7-14,2219316,12535,65142,633,209.287,10.569,6.67,2.44,1
 2021-7-15,2236805,17489,65595,453,292,7.563,7.24,2.8,1
 2021-7-16,2253240,16435,65972,377,274.402,6.294,7.24,2.8,1
 2021-7-17,2269179,15939,66385,413,266.121,6.896,7.24,2.8,1
 2021-7-18,2283880,14701,66676,291,245.451,4.859,7.24,2.8,1
 2021-7-19,2295095,11215,66859,183,187.248,3.055,7.31,2.82,1
 2021-7-20,2302304,7209,67080,221,120.363,3.69,7.57,2.98,1
 2021-7-21,2311232,8928,67676,596,149.064,9.951,7.57,2.98,1
 2021-7-22,2327472,16240,68192,516,271.146,8.615,8.42,3.6,1
 2021-7-23,2342330,14858,68625,433,248.072,7.229,8.69,3.8,1
 2021-7-24,2356049,13719,69075,450,229.055,7.513,8.69,3.8,1
 2021-7-25,2368105,12056,69488,413,201.289,6.896,8.79,3.86,1
 2021-7-26,2377823,9718,69775,287,162.254,4.792,8.79,3.86,1
 2021-7-27,2383490,5667,70018,243,94.617,4.057,9.32,4.31,1
 2021-7-28,2391223,7733,70388,370,129.112,6.178,9.32,4.31,1
 2021-7-29,2408525,17302,70908,520,288.878,8.682,9.89,4.73,1
 2021-7-30,2422151,13626,71431,523,227.502,8.732,9.89,4.73,1
 2021-7-31,2435036,12885,71679,248,215.13,4.141,9.89,4.73,1
 2021-8-1,2447454,12418,72013,334,207.333,5.577,9.89,4.73,1
 2021-8-2,2456184,8730,72191,178,145.758,2.972,10.22,4.98,1
 2021-8-3,2461758,5574,72437,246,93.065,4.107,10.69,5.36,1
 2021-8-4,2470746,8988,72992,555,150.065,9.266,10.69,5.36,1
 2021-8-5,2484009,13263,73415,423,221.442,7.062,10.93,5.56,1
 2021-8-6,2497655,13646,73873,458,227.836,7.647,10.93,5.56,1
 2021-8-7,2511178,13523,74352,479,225.783,7.997,10.93,5.56,1
 2021-8-8,2523488,12310,74623,271,205.53,4.525,11.46,5.97,1
 2021-8-9,2533466,9978,74813,190,166.595,3.172,11.46,5.97,1
 2021-8-10,2540222,6756,75012,199,112.799,3.323,11.68,6.21,1
 2021-8-11,2546762,6540,75201,189,109.193,3.156,11.68,6.21,1
 2021-8-12,2554240,7478,75774,573,124.854,9.567,12.1,6.61,1
 2021-8-13,2568511,14271,76247,473,238.271,7.897,12.1,6.61,1
 2021-8-14,2582427,13916,76631,384,232.344,6.411,12.1,6.61,1
 2021-8-15,2595447,13020,76869,238,217.384,3.974,12.34,6.82,1
 2021-8-16,2605586,10139,77141,272,169.283,4.541,12.5,7.01,1
 2021-8-17,2613569,7983,77440,299,133.286,4.992,12.5,7.01,1
 2021-8-18,2624254,10685,77993,553,178.399,9.233,12.86,7.48,1
 2021-8-19,2638981,14727,78377,384,245.885,6.411,13.04,7.73,1
 2021-8-20,2652652,13671,78694,317,228.254,5.293,13.33,7.98,1
 2021-8-21,2666964,14312,78983,289,238.956,4.825,13.33,7.98,1
 2021-8-22,2680225,13261,79251,268,221.408,4.475,13.39,8.07,1
 2021-8-23,2690973,10748,79421,170,179.451,2.838,13.76,8.32,1
 2021-8-24,2698605,7632,79584,163,127.425,2.721,14.09,8.58,1
 2021-8-25,2708951,10346,79953,369,172.739,6.161,14.09,8.58,1
 2021-8-26,2722202,13251,80469,516,221.241,8.615,14.09,8.58,1
 2021-8-27,2734973,12771,80826,357,213.227,5.961,15.07,9.35,1
 2021-8-28,2747018,12045,81187,361,201.106,6.027,15.07,9.35,1
 2021-8-29,2757191,10173,81461,274,169.85,4.575,15.07,9.35,1
 2021-8-30,2764931,7740,81595,134,129.229,2.237,15.45,9.71,1
 2021-8-31,2770575,5644,81830,235,94.233,3.924,15.72,9.99,1
 2021-9-1,2777659,7084,82261,431,118.276,7.196,16,10.26,1
 2021-9-2,2787203,9544,82496,235,159.348,3.924,16.26,10.52,1
 2021-9-3,2796405,9202,82914,418,153.638,6.979,16.26,10.52,1
 2021-9-4,2805604,9199,83161,247,153.588,4.124,16.26,10.52,1
 2021-9-5,2814014,8410,83343,182,140.415,3.039,16.63,10.84,1
 2021-9-6,2819945,5931,83419,76,99.025,1.269,16.63,10.84,1
 2021-9-7,2824063,4118,83617,198,68.755,3.306,17.06,11.27,1
 2021-9-8,2829435,5372,83899,282,89.692,4.708,17.06,11.27,1
 2021-9-9,2836773,7338,84152,253,122.517,4.224,17.3,11.5,1
 2021-9-10,2843042,6269,84327,175,104.668,2.922,17.81,11.94,1
 2021-9-11,2848925,5883,84608,281,98.224,4.692,17.88,12,1
 2021-9-12,2854234,5309,84751,143,88.64,2.388,17.9,12.02,1
 2021-9-13,2858195,3961,84877,126,66.134,2.104,18.13,12.24,1
 2021-9-14,2860835,2640,85002,125,44.078,2.087,18.42,12.48,1
 2021-9-15,2864534,3699,85302,300,61.759,5.009,18.71,12.7,1
 2021-9-16,2869201,4667,85468,166,77.921,2.772,18.98,12.91,1
 2021-9-17,2873415,4214,85779,311,70.358,5.193,18.98,12.91,1
 2021-9-18,2877063,3648,85952,173,60.908,2.888,18.98,12.91,1
 2021-9-19,2880349,3286,86116,164,54.864,2.738,19.33,13.21,1
 2021-9-20,2882630,2281,86174,58,38.084,0.968,19.33,13.21,1
 2021-9-21,2884134,1504,86216,42,25.111,0.701,19.78,13.54,1
 2021-9-22,2886331,2197,86376,160,36.682,2.671,20.01,13.74,1
 2021-9-23,2889298,2967,86500,124,49.538,2.07,20.23,13.93,1
 2021-9-24,2892081,2783,86655,155,46.466,2.588,20.26,13.96,1
 2021-9-25,2894342,2261,86967,312,37.75,5.209,20.26,13.96,1
 2021-9-26,2895976,1634,87001,34,27.282,0.568,20.32,14.01,1
 2021-9-27,2896943,967,87052,51,16.145,0.852,20.48,14.19,1
 2021-9-28,2897521,578,87216,164,9.65,2.738,20.48,14.19,1
 2021-9-29,2898888,1367,87417,201,22.824,3.356,20.48,14.19,1
 2021-9-30,2900994,2106,87525,108,35.162,1.803,21.03,14.72,1
 2021-10-1,2902672,1678,87626,101,28.016,1.686,21.03,14.72,1
 2021-10-2,2904307,1635,87705,79,27.298,1.319,21.03,14.72,1
 2021-10-3,2905613,1306,87753,48,21.805,0.801,21.44,15.15,1
 2021-10-4,2906422,809,87780,27,13.507,0.451,21.44,15.15,1
 2021-10-5,2906851,429,87819,39,7.163,0.651,21.81,15.64,1
 2021-10-6,2907619,768,87922,103,12.823,1.72,22.01,15.91,1
 2021-10-7,2908768,1149,87981,59,19.184,0.985,22.01,15.91,1
 2021-10-8,2909757,989,88104,123,16.513,2.054,22.21,16.17,1
 2021-10-9,2910681,924,88236,132,15.427,2.204,22.21,16.17,1
 2021-10-10,2911497,816,88292,56,13.624,0.935,22.21,16.17,1
 2021-10-11,2912145,648,88317,25,10.819,0.417,22.48,16.55,1
 2021-10-12,2912394,249,88346,29,4.157,0.484,22.48,16.55,1
 2021-10-13,2912938,544,88429,83,9.083,1.386,23.22,17.06,1
 2021-10-14,2913880,942,88466,37,15.728,0.618,23.22,17.06,1
 2021-10-15,2914827,947,88506,40,15.811,0.668,23.26,17.6,1
 2021-10-16,2915560,733,88562,56,12.238,0.935,23.26,17.6,1
 2021-10-17,2916179,619,88587,25,10.335,0.417,23.54,17.96,1
 2021-10-18,2916593,414,88612,25,6.912,0.417,23.54,17.96,1
 2021-10-19,2916803,210,88619,7,3.506,0.117,23.9,18.43,1
 2021-10-20,2917255,452,88674,55,7.547,0.918,23.9,18.43,1
 2021-10-21,2917846,591,88754,80,9.867,1.336,23.9,18.43,1
 2021-10-22,2918366,520,88835,81,8.682,1.352,23.9,18.43,1
 2021-10-23,2918883,517,88891,56,8.632,0.935,24.61,19.28,1
 2021-10-24,2919332,449,88914,23,7.497,0.384,24.61,19.28,1
 2021-10-25,2919632,300,88925,11,5.009,0.184,24.82,19.53,1
 2021-10-26,2919778,146,88934,9,2.438,0.15,24.82,19.53,1
 2021-10-27,2920109,331,88987,53,5.526,0.885,24.82,19.53,1
 2021-10-28,2920581,472,89049,62,7.881,1.035,24.82,19.53,1
 2021-10-29,2921114,533,89104,55,8.899,0.918,24.82,19.53,1
 2021-10-30,2921589,475,89151,47,7.931,0.785,25.57,20.55,1
 2021-10-31,2921886,297,89163,12,4.959,0.2,25.59,20.57,1
 2021-11-1,2922116,230,89177,14,3.84,0.234,25.59,20.57,1
 2021-11-2,2922222,106,89179,2,1.77,0.033,25.78,20.93,1
 2021-11-3,2922391,169,89197,18,2.822,0.301,25.98,21.07,1
 2021-11-4,2922735,344,89220,23,5.743,0.384,26.14,21.27,1
 2021-11-5,2923054,319,89251,31,5.326,0.518,26.14,21.27,1
 2021-11-6,2923393,339,89295,44,5.66,0.735,26.33,21.38,1
 2021-11-7,2923751,358,89319,24,5.977,0.401,26.35,21.39,1
 2021-11-8,2923956,205,89332,13,3.423,0.217,26.45,21.6,1
 2021-11-9,2924072,116,89352,20,1.937,0.334,26.58,21.76,1
 2021-11-10,2924317,245,89387,35,4.091,0.584,26.71,21.91,1
 2021-11-11,2924622,305,89435,48,5.092,0.801,26.71,21.91,1
 2021-11-12,2924978,356,89452,17,5.944,0.284,26.99,22.25,1
 2021-11-13,2925371,393,89469,17,6.562,0.284,27.08,22.33,1
 2021-11-14,2925677,306,89476,7,5.109,0.117,27.14,22.38,1
 2021-11-15,2925939,262,89484,8,4.374,0.134,27.26,22.53,1
 2021-11-16,2926075,136,89489,5,2.271,0.083,27.39,22.68,1
 2021-11-17,2926348,273,89504,15,4.558,0.25,27.51,22.83,1
 2021-11-18,2926914,566,89515,11,9.45,0.184,27.63,22.97,1
 2021-11-19,2927499,585,89555,40,9.767,0.668,27.63,22.97,1
 2021-11-20,2928288,789,89562,7,13.173,0.117,27.78,23.16,1
 2021-11-21,2929175,887,89572,10,14.81,0.167,27.8,23.17,1
 2021-11-22,2929862,687,89574,2,11.47,0.033,27.9,23.29,1
 2021-11-23,2930174,312,89584,10,5.209,0.167,28.02,23.43,1
 2021-11-24,2948760,18586,89635,51,310.315,0.852,28.15,23.57,1
 2021-11-25,2950035,1275,89657,22,21.288,0.367,28.15,23.57,1
 2021-11-26,2952500,2465,89771,114,41.156,1.903,28.37,23.82,1
 2021-11-27,2955328,2828,89783,12,47.217,0.2,28.42,23.86,1
 2021-11-28,2958548,3220,89791,8,53.762,0.134,28.42,23.86,1
 2021-11-29,2961406,2858,89797,6,47.718,0.1,28.62,24.02,1
 2021-11-30,2963679,2273,89822,25,37.95,0.417,28.82,24.17,1
 2021-12-1,2968052,4373,89843,21,73.012,0.351,29.01,24.31,1
 2021-12-2,2976613,8561,89871,28,142.936,0.467,29.49,24.74,1
 2021-12-3,2988148,11535,89915,44,192.591,0.735,29.49,24.74,1
 2021-12-4,3004203,16055,89944,29,268.057,0.484,29.75,24.93,1
 2021-12-5,3020569,16366,89965,21,273.25,0.351,29.79,24.96,1
 2021-12-6,3031694,11125,89966,1,185.745,0.017,29.96,25.08,1
 2021-12-7,3038075,6381,89975,9,106.538,0.15,30.14,25.22,1
 2021-12-8,3051222,13147,90002,27,219.505,0.451,30.32,25.35,1
 2021-12-9,3071064,19842,90038,36,331.286,0.601,30.32,25.35,1
 2021-12-10,3093452,22388,90060,22,373.794,0.367,30.63,25.6,1
 2021-12-11,3112469,19017,90080,20,317.512,0.334,30.63,25.6,1
 2021-12-12,3129622,17153,90116,36,286.39,0.601,30.69,25.64,1
 2021-12-13,3167497,37875,90137,21,632.368,0.351,30.81,25.73,1
 2021-12-14,3180785,13288,90148,11,221.859,0.184,30.94,25.83,1
 2021-12-15,3204642,23857,90172,24,398.321,0.401,31.06,25.93,1
 2021-12-16,3231031,26389,90226,54,440.596,0.902,31.15,26.02,1
 2021-12-17,3255816,24785,90262,36,413.815,0.601,31.15,26.02,1
 2021-12-18,3276529,20713,90297,35,345.828,0.584,31.15,26.02,1
 2021-12-19,3292609,16080,90345,48,268.475,0.801,31.18,26.04,1
 2021-12-20,3308074,15465,90348,3,258.207,0.05,31.18,26.04,1
 2021-12-21,3316585,8511,90453,105,142.101,1.753,31.34,26.19,1
 2021-12-22,3332008,15423,90488,35,257.505,0.584,31.34,26.19,1
 2021-12-23,3353106,21098,90587,99,352.256,1.653,31.34,26.19,1
 2021-12-24,3374262,21156,90662,75,353.225,1.252,31.46,26.32,1
 2021-12-25,3393109,18847,90743,81,314.673,1.352,31.46,26.32,1
 2021-12-26,3407937,14828,90773,30,247.571,0.501,31.47,26.32,1
 2021-12-27,3413540,5603,90814,41,93.549,0.685,31.47,26.32,1
 2021-12-28,3417318,3778,90829,15,63.078,0.25,31.51,26.38,1
 2021-12-29,3424534,7216,90854,25,120.48,0.417,31.57,26.44,1
 2021-12-30,3433554,9020,90935,81,150.6,1.352,31.57,26.44,1
 2021-12-31,3446532,12978,91061,126,216.683,2.104,31.57,26.44,1
 2022-1-1,3458286,11754,91145,84,196.247,1.402,31.63,26.5,1
 2022-1-2,3468079,9793,91198,53,163.506,0.885,31.63,26.5,1
 2022-1-3,3472436,4357,91228,30,72.745,0.501,31.69,26.55,1
 2022-1-4,3475512,3076,91312,84,51.357,1.402,31.83,26.68,1
 2022-1-5,3483590,8078,91451,139,134.872,2.321,31.83,26.68,1
 2022-1-6,3494696,11106,91561,110,185.428,1.837,31.83,26.68,1
 2022-1-7,3504554,9858,92112,551,164.591,9.2,31.99,26.81,1
 2022-1-8,3513813,9259,92252,140,154.59,2.337,31.99,26.81,1
 2022-1-9,3521512,7699,92371,119,128.544,1.987,32.01,26.84,1
 2022-1-10,3526054,4542,92453,82,75.834,1.369,32.01,26.84,1
 2022-1-11,3528463,2409,92530,77,40.221,1.286,32.01,26.84,1
 2022-1-12,3534131,5668,92649,119,94.634,1.987,32.01,26.84,1
 2022-1-13,3540891,6760,92830,181,112.866,3.022,32.01,26.84,1
 2022-1-14,3546808,5917,92989,159,98.791,2.655,32.01,26.84,1
 2022-1-15,3552043,5235,93117,128,87.405,2.137,32.01,26.84,1
 2022-1-16,3556633,4590,93278,161,76.636,2.688,32.01,26.84,1
 2022-1-17,3559230,2597,93364,86,43.36,1.436,32.09,26.99,1
 2022-1-18,3560921,1691,93451,87,28.233,1.453,32.15,27.07,1
 2022-1-19,3564578,3657,93551,100,61.058,1.67,32.21,27.15,1
 2022-1-20,3568900,4322,93707,156,72.161,2.605,32.27,27.22,1
 2022-1-21,3572860,3960,93846,139,66.117,2.321,32.33,27.3,1
 2022-1-22,3576379,3519,93949,103,58.754,1.72,32.35,27.32,1
 2022-1-23,3579428,3049,94063,114,50.907,1.903,32.35,27.32,1
 2022-1-24,3581359,1931,94177,114,32.24,1.903,32.41,27.4,1
 2022-1-25,3582691,1332,94265,88,22.239,1.469,32.41,27.4,1
 2022-1-26,3585888,3197,94397,132,53.378,2.204,32.54,27.55,1
 2022-1-27,3590399,4511,94491,94,75.317,1.569,32.6,27.61,1
 2022-1-28,3594499,4100,94651,160,68.454,2.671,32.66,27.67,1
 2022-1-29,3598288,3789,94784,133,63.262,2.221,32.66,27.67,1
 2022-1-30,3601630,3342,94905,121,55.799,2.02,32.69,27.7,1
 2022-1-31,3603856,2226,95022,117,37.166,1.953,32.74,27.76,1
 2022-2-1,3605222,1366,95093,71,22.807,1.185,32.74,27.76,1
 2022-2-2,3608307,3085,95288,195,51.508,3.256,32.86,27.87,1
 2022-2-3,3612809,4502,95463,175,75.166,2.922,32.92,27.92,1
 2022-2-4,3616075,3266,95545,82,54.53,1.369,32.92,27.92,1
 2022-2-5,3618853,2778,95766,221,46.382,3.69,32.92,27.92,1
 2022-2-6,3622210,3357,95817,51,56.049,0.852,32.99,27.99,1
 2022-2-7,3623962,1752,95835,18,29.252,0.301,32.99,27.99,1
 2022-2-8,3625190,1228,96021,186,20.503,3.105,32.99,27.99,1
 2022-2-9,3628014,2824,96289,268,47.15,4.475,33.17,28.13,1
 2022-2-10,3631642,3628,96502,213,60.574,3.556,33.17,28.13,1
 2022-2-11,3634811,3169,96705,203,52.91,3.389,33.29,28.22,1
 2022-2-12,3637673,2862,96851,146,47.785,2.438,33.3,28.23,1
 2022-2-13,3640162,2489,96985,134,41.557,2.237,33.32,28.25,1
 2022-2-14,3641811,1649,96993,8,27.532,0.134,33.36,28.28,1
 2022-2-15,3642905,1094,97250,257,18.266,4.291,33.36,28.28,1
 2022-2-16,3645269,2364,97431,181,39.47,3.022,33.48,28.37,1
 2022-2-17,3648968,3699,97520,89,61.759,1.486,33.55,28.42,1
 2022-2-18,3652024,3056,97955,435,51.024,7.263,33.55,28.42,1
 2022-2-19,3654824,2800,98298,343,46.749,5.727,33.62,28.49,1
 2022-2-20,3657091,2267,98617,319,37.85,5.326,33.63,28.5,1
 2022-2-21,3658547,1456,98667,50,24.31,0.835,33.63,28.5,1
 2022-2-22,3659698,1151,98804,137,19.217,2.287,33.74,28.6,1
 2022-2-23,3662032,2334,98868,64,38.969,1.069,33.81,28.65,1
 2022-2-24,3665149,3117,98978,110,52.042,1.837,33.81,28.65,1
 2022-2-25,3667560,2411,99018,40,40.255,0.668,33.93,28.77,1
 2022-2-26,3669671,2111,99145,127,35.246,2.12,33.93,28.77,1
 2022-2-27,3671991,2320,99191,46,38.735,0.768,33.95,28.79,1
 2022-2-28,3673257,1266,99229,38,21.137,0.634,33.95,28.79,1
 2022-3-1,3674042,785,99412,183,13.107,3.055,34.05,28.89,1
 2022-3-2,3675691,1649,99430,18,27.532,0.301,34.05,28.89,1
 2022-3-3,3677686,1995,99458,28,33.309,0.467,34.05,28.89,1
 2022-3-4,3679539,1853,99499,41,30.938,0.685,34.22,29.03,1
 2022-3-5,3681437,1898,99517,18,31.689,0.301,34.23,29.04,1
 2022-3-6,3683172,1735,99543,26,28.968,0.434,34.23,29.05,1
 2022-3-7,3684319,1147,99543,0,19.151,0,34.28,29.09,1
 2022-3-8,3685120,801,99609,66,13.374,1.102,34.28,29.09,1
 2022-3-9,3686556,1436,99625,16,23.976,0.267,34.32,29.13,1
 2022-3-10,3688423,1867,99656,31,31.172,0.518,34.37,29.17,1
 2022-3-11,3690291,1868,99681,25,31.188,0.417,34.47,29.26,1
 2022-3-12,3691962,1671,99709,28,27.899,0.467,34.47,29.26,1
 2022-3-13,3693532,1570,99712,3,26.213,0.05,34.47,29.27,1
 2022-3-14,3694504,972,99725,13,16.229,0.217,34.48,29.27,1
 2022-3-15,3695175,671,99725,0,11.203,0,34.52,29.31,1
 2022-3-16,3696823,1648,99727,2,27.515,0.033,34.56,29.35,1
 2022-3-17,3698803,1980,99767,40,33.058,0.668,34.61,29.39,1
 2022-3-18,3700484,1681,99829,62,28.066,1.035,34.65,29.43,1
 2022-3-19,3702042,1558,99868,39,26.013,0.651,34.68,29.48,1
 2022-3-20,3703329,1287,99879,11,21.488,0.184,34.69,29.49,1
 2022-3-21,3704218,889,99881,2,14.843,0.033,34.69,29.49,1
 2022-3-22,3704784,566,99890,9,9.45,0.15,34.7,29.49,1
 2022-3-23,3705696,912,99893,3,15.227,0.05,34.73,29.54,1
 2022-3-24,3707089,1393,99899,6,23.258,0.1,34.77,29.6,1
 2022-3-25,3709209,2120,99932,33,35.396,0.551,34.81,29.66,1
 2022-3-26,3710766,1557,99939,7,25.996,0.117,34.84,29.71,1
 2022-3-27,3712263,1497,99965,26,24.994,0.434,34.85,29.72,1
 2022-3-28,3713252,989,99966,1,16.513,0.017,34.85,29.72,1
 2022-3-29,3713833,581,99970,4,9.7,0.067,34.89,29.78,1
 2022-3-30,3715390,1557,99976,6,25.996,0.1,34.92,29.83,1
 2022-3-31,3717067,1677,100020,44,28,0.735,34.95,29.88,1
 2022-4-1,3718953,1886,100032,12,31.489,0.2,34.99,29.94,1
 2022-4-2,3720645,1692,100042,10,28.25,0.167,34.99,29.94,1
 2022-4-3,3722065,1420,100046,4,23.709,0.067,34.99,29.94,1
 2022-4-4,3722954,889,100050,4,14.843,0.067,35.02,29.99,1
 2022-4-5,3723639,685,100052,2,11.437,0.033,35.04,30.02,1
 2022-4-6,3725177,1538,100067,15,25.679,0.25,35.06,30.05,1
 2022-4-7,3727208,2031,100070,3,33.91,0.05,35.09,30.09,1
 2022-4-8,3728689,1481,100075,5,24.727,0.083,35.12,30.13,1
 2022-4-9,3730066,1377,100084,9,22.991,0.15,35.15,30.16,1
 2022-4-10,3731247,1181,100096,12,19.718,0.2,35.16,30.18,1
 2022-4-11,3732075,828,100096,0,13.824,0,35.17,30.18,1
 2022-4-12,3732628,553,100098,2,9.233,0.033,35.19,30.21,1
 2022-4-13,3733919,1291,100116,18,21.555,0.301,35.22,30.25,1
 2022-4-14,3735578,1659,100132,16,27.699,0.267,35.25,30.28,1
 2022-4-15,3737346,1768,100138,6,29.519,0.1,35.28,30.31,1
 2022-4-16,3739192,1846,100142,4,30.821,0.067,35.28,30.31,1
 2022-4-17,3740398,1206,100144,2,20.136,0.033,35.28,30.31,1
 2022-4-18,3741230,832,100147,3,13.891,0.05,35.28,30.31,1
 2022-4-19,3742107,877,100181,34,14.643,0.568,35.28,30.32,1
 2022-4-20,3743582,1475,100195,14,24.627,0.234,35.31,30.35,1
 2022-4-21,3746424,2842,100211,16,47.451,0.267,35.34,30.38,1
 2022-4-22,3750830,4406,100276,65,73.563,1.085,35.37,30.42,1
 2022-4-23,3755459,4629,100286,10,77.287,0.167,35.41,30.46,1
 2022-4-24,3759689,4230,100298,12,70.625,0.2,35.41,30.46,1
 2022-4-25,3762911,3222,100303,5,53.795,0.083,35.41,30.46,1
 2022-4-26,3764865,1954,100333,30,32.624,0.501,35.45,30.5,1
 2022-4-27,3769927,5062,100348,15,84.516,0.25,35.48,30.54,1
 2022-4-28,3776298,6371,100351,3,106.371,0.05,35.49,30.55,1
 2022-4-29,3776298,0,100351,0,0,0,35.53,30.59,1
 2022-4-30,3785398,9100,100360,9,151.935,0.15,35.56,30.62,1
 2022-5-1,3791925,6527,100363,3,108.976,0.05,35.57,30.63,1
 2022-5-2,3795763,3838,100363,0,64.08,0,35.57,30.63,1
 2022-5-3,3798413,2650,100370,7,44.245,0.117,35.57,30.63,1
 2022-5-4,3802198,3785,100377,7,63.195,0.117,35.6,30.67,1
 2022-5-5,3818125,15927,100471,94,265.92,1.569,35.64,30.7,1
 2022-5-6,3818125,0,100471,0,0,0,35.67,30.74,1
 2022-5-7,3827378,9253,100505,34,154.49,0.568,35.7,30.77,1
 2022-5-8,3835902,8524,100516,11,142.318,0.184,35.71,30.77,1
 2022-5-9,3841388,5486,100523,7,91.595,0.117,35.71,30.77,1
 2022-5-10,3844625,3237,100533,10,54.046,0.167,35.74,30.81,1
 2022-5-11,3852148,7523,100559,26,125.605,0.434,35.78,30.84,1
 2022-5-12,3862165,10017,100609,50,167.246,0.835,35.82,30.88,1
 2022-5-13,3871085,8920,100630,21,148.93,0.351,35.86,30.92,1
 2022-5-14,3879434,8349,100744,114,139.397,1.903,35.89,30.95,1
 2022-5-15,3887449,8015,100753,9,133.82,0.15,35.9,30.96,1
 2022-5-16,3891793,4344,100755,2,72.528,0.033,35.9,30.96,1
 2022-5-17,3894745,2952,100771,16,49.287,0.267,35.93,30.99,1
 2022-5-18,3899841,5096,100812,41,85.084,0.685,35.97,31.03,1
 2022-5-19,3908020,8179,100867,55,136.558,0.918,36.01,31.06,1
 2022-5-20,3915258,7238,100898,31,120.847,0.518,36.05,31.1,1
 2022-5-21,3921633,6375,100916,18,106.438,0.301,36.08,31.13,1
 2022-5-22,3926652,5019,100931,15,83.798,0.25,36.09,31.14,1
 2022-5-23,3929872,3220,100933,2,53.762,0.033,36.09,31.14,1
 2022-5-24,3931534,1662,100952,19,27.749,0.317,36.12,31.17,1
 2022-5-25,3935761,4227,101002,50,70.575,0.835,36.16,31.2,1
 2022-5-26,3941045,5284,101043,41,88.223,0.685,36.2,31.24,1
 2022-5-27,3944845,3800,101092,49,63.446,0.818,36.23,31.27,1
 2022-5-28,3948119,3274,101128,36,54.663,0.601,36.26,31.3,1
 2022-5-29,3952193,4074,101142,14,68.02,0.234,36.27,31.31,1
 2022-5-30,3953967,1774,101146,4,29.619,0.067,36.27,31.31,1
 2022-5-31,3954971,1004,101162,16,16.763,0.267,36.3,31.33,1
 2022-6-1,3957777,2806,101190,28,46.85,0.467,36.33,31.36,1
 2022-6-2,3960424,2647,101219,29,44.195,0.484,36.36,31.39,1
 2022-6-3,3963394,2970,101250,31,49.588,0.518,36.39,31.42,1
 2022-6-4,3965422,2028,101285,35,33.86,0.584,36.41,31.44,1
 2022-6-5,3967078,1656,101313,28,27.649,0.467,36.42,31.44,1
 2022-6-6,3968205,1127,101317,4,18.817,0.067,36.42,31.45,1
 2022-6-7,3968931,726,101350,33,12.121,0.551,36.44,31.47,1
 2022-6-8,3970993,2062,101397,47,34.428,0.785,36.47,31.5,1
 2022-6-9,3973086,2093,101424,27,34.945,0.451,36.5,31.52,1
 2022-6-10,3975062,1976,101448,24,32.992,0.401,36.52,31.55,1
 2022-6-11,3976653,1591,101468,20,26.564,0.334,36.54,31.57,1
 2022-6-12,3977628,975,101477,9,16.279,0.15,36.55,31.58,1
 2022-6-13,3978590,962,101484,7,16.062,0.117,36.55,31.58,1
 2022-6-14,3979126,536,101509,25,8.949,0.417,36.57,31.6,1
 2022-6-15,3979836,710,101550,41,11.854,0.685,36.6,31.63,1
 2022-6-16,3981739,1903,101576,26,31.773,0.434,36.62,31.65,1
 2022-6-17,3983675,1936,101584,8,32.324,0.134,36.63,31.65,1
 2022-6-18,3984646,971,101589,5,16.212,0.083,36.65,31.67,1
 2022-6-19,3985606,960,101598,9,16.028,0.15,36.65,31.67,1
 2022-6-20,3986601,995,101604,6,16.613,0.1,36.65,31.68,1
 2022-6-21,3986892,291,101620,16,4.859,0.267,36.67,31.7,1
 2022-6-22,3987979,1087,101640,20,18.149,0.334,36.69,31.72,1
 2022-6-23,3989007,1028,101697,57,17.164,0.952,36.71,31.74,1
 2022-6-24,3990057,1050,101704,7,17.531,0.117,36.73,31.76,1
 2022-6-25,3991944,1887,101727,23,31.506,0.384,36.74,31.78,1
 2022-6-26,3992449,505,101731,4,8.432,0.067,36.75,31.78,1
 2022-6-27,3992661,212,101740,9,3.54,0.15,36.75,31.78,1
 2022-6-28,3993004,343,101745,5,5.727,0.083,36.76,31.79,1
 2022-6-29,3993444,440,101764,19,7.346,0.317,36.77,31.81,1
 2022-6-30,3993843,399,101793,29,6.662,0.484,36.78,31.82,1
 2022-7-1,3994223,380,101809,16,6.345,0.267,36.79,31.83,1
 2022-7-2,3995065,842,101811,2,14.058,0.033,36.8,31.84,1
 2022-7-3,3995291,226,101812,1,3.773,0.017,36.8,31.84,1
 2022-7-4,3995400,109,101815,3,1.82,0.05,36.8,31.84,1
 2022-7-5,3995784,384,101847,32,6.411,0.534,36.81,31.85,1
 2022-7-6,3996441,657,101859,12,10.969,0.2,36.82,31.87,1
 2022-7-7,3996904,463,101868,9,7.73,0.15,36.83,31.88,1
 2022-7-8,3997269,365,101876,8,6.094,0.134,36.84,31.89,1
 2022-7-9,3997269,0,101876,0,0,0,36.85,31.9,1
 2022-7-10,3997269,0,101876,0,0,0,36.85,31.9,0
 2022-7-11,3997975,706,101880,4,11.788,0.067,36.85,31.9,1
 2022-7-12,3998466,491,101895,15,8.198,0.25,36.86,31.91,1
 2022-7-13,3998863,397,101907,12,6.628,0.2,36.87,31.92,1
 2022-7-14,3999345,482,101915,8,8.048,0.134,36.88,31.93,1
 2022-7-15,3999751,406,101918,3,6.779,0.05,36.88,31.94,1
 2022-7-16,3999751,0,101918,0,0,0,36.89,31.95,1
 2022-7-17,3999751,0,101918,0,0,0,36.89,31.95,0
 2022-7-18,4000631,880,101922,4,14.693,0.067,36.89,31.95,1
 2022-7-19,4000894,263,101935,13,4.391,0.217,36.9,31.96,1
 2022-7-20,4001444,550,101939,4,9.183,0.067,36.91,31.97,1
 2022-7-21,4001816,372,101942,3,6.211,0.05,36.92,31.98,1
 2022-7-22,4002133,317,101943,1,5.293,0.017,36.93,32,1
 2022-7-23,4002133,0,101943,0,0,0,36.94,32.01,1
 2022-7-24,4002133,0,101943,0,0,0,36.94,32.01,0
 2022-7-25,4002981,848,101955,12,14.158,0.2,36.94,32.01,1
 2022-7-26,4003502,521,101962,7,8.699,0.117,36.95,32.02,1
 2022-7-27,4003883,381,101967,5,6.361,0.083,36.96,32.03,1
 2022-7-28,4003883,0,101967,0,0,0,36.97,32.05,1
 2022-7-29,4004201,318,101977,10,5.309,0.167,36.98,32.06,1
 2022-7-30,4004555,354,101982,5,5.91,0.083,36.99,32.07,1
 2022-7-31,4005124,569,101982,0,9.5,0,36.99,32.07,1
 2022-8-1,4005124,0,101982,0,0,0,36.99,32.07,1
 2022-8-2,4005124,0,101982,0,0,0,37,32.08,0
 2022-8-3,4005124,0,101982,0,0,0,37.01,32.09,0
 2022-8-4,4005124,0,101982,0,0,0,37.02,32.1,0
 2022-8-5,4005124,0,101982,0,0,0,37.03,32.11,0
 2022-8-6,4005124,0,101982,0,0,0,37.04,32.12,0
 2022-8-7,4006871,1747,101982,0,29.168,0,37.04,32.12,1
 2022-8-8,4006871,0,101982,0,0,0,37.04,32.12,1
 2022-8-9,4006916,45,101982,0,0.751,0,37.04,32.13,1
 2022-8-10,4006916,0,101982,0,0,0,37.04,32.13,1
 2022-8-11,4007080,164,101982,0,2.738,0,37.05,32.14,1
 2022-8-12,4007080,0,101982,0,0,0,37.06,32.15,1
 2022-8-13,4007925,845,101982,0,14.108,0,37.07,32.16,1
 2022-8-14,4008164,239,101982,0,3.99,0,37.07,32.16,1
 2022-8-15,4008332,168,101982,0,2.805,0,37.07,32.16,1
 2022-8-16,4008443,111,101982,0,1.853,0,37.08,32.17,1
 2022-8-17,4008696,253,102066,84,4.224,1.402,37.09,32.18,1
 2022-8-18,4008988,292,102066,0,4.875,0,37.1,32.19,1
 2022-8-19,4008988,0,102066,0,0,0,37.11,32.2,1
 2022-8-20,4009509,521,102066,0,8.699,0,37.11,32.2,1
 2022-8-21,4009730,221,102066,0,3.69,0,37.11,32.2,1
 2022-8-22,4009877,147,102066,0,2.454,0,37.11,32.2,1
 2022-8-23,4010000,123,102066,0,2.054,0,37.12,32.21,1
 2022-8-24,4010207,207,102084,18,3.456,0.301,37.13,32.22,1
 2022-8-25,4010453,246,102084,0,4.107,0,37.14,32.23,1
 2022-8-26,4010752,299,102084,0,4.992,0,37.14,32.24,1
 2022-8-27,4010999,247,102084,0,4.124,0,37.15,32.24,1
 2022-8-28,4011210,211,102084,0,3.523,0,37.15,32.24,1
 2022-8-29,4011357,147,102084,0,2.454,0,37.15,32.24,1
 2022-8-30,4011431,74,102084,0,1.236,0,37.15,32.25,1
 2022-8-31,4011657,226,102084,0,3.773,0,37.16,32.26,1
 2022-9-1,4011937,280,102108,24,4.675,0.401,37.17,32.27,1
 2022-9-2,4012239,302,102108,0,5.042,0,37.17,32.27,1
 2022-9-3,4012485,246,102108,0,4.107,0,37.18,32.28,1
 2022-9-4,4012485,0,102108,0,0,0,37.18,32.28,1
 2022-9-5,4012812,327,102108,0,5.46,0,37.18,32.28,1
 2022-9-6,4012812,0,102108,0,0,0,37.18,32.29,1
 2022-9-7,4012812,0,102108,0,0,0,37.19,32.29,0
 2022-9-8,4012812,0,102129,21,0,0.351,37.2,32.3,0
 2022-9-9,4013721,909,102129,0,15.177,0,37.2,32.31,1
 2022-9-10,4013721,0,102129,0,0,0,37.21,32.32,1
 2022-9-11,4014277,556,102129,0,9.283,0,37.21,32.32,1
 2022-9-12,4014405,128,102129,0,2.137,0,37.21,32.32,1
 2022-9-13,4014405,0,102129,0,0,0,37.22,32.32,1
 2022-9-14,4014724,319,102129,0,5.326,0,37.22,32.33,1
 2022-9-15,4014986,262,102146,17,4.374,0.284,37.23,32.34,1
 2022-9-16,4015347,361,102146,0,6.027,0,37.23,32.34,1
 2022-9-17,4015347,0,102146,0,0,0,37.23,32.34,1
 2022-9-18,4015880,533,102146,0,8.899,0,37.24,32.35,1
 2022-9-19,4016037,157,102146,0,2.621,0,37.24,32.35,1
 2022-9-20,4016157,120,102146,0,2.004,0,37.25,32.35,1
 2022-9-21,4016157,0,102146,0,0,0,37.25,32.36,1
 2022-9-22,4016460,303,102169,23,5.059,0.384,37.26,32.36,1
 2022-9-23,4017011,551,102169,0,9.2,0,37.26,32.37,1
 2022-9-24,4017163,152,102169,0,2.538,0,37.26,32.37,1
 2022-9-25,4017163,0,102169,0,0,0,37.26,32.37,1
 2022-9-26,4017552,389,102169,0,6.495,0,37.26,32.37,1
 2022-9-27,4017788,236,102169,0,3.94,0,37.27,32.38,1
 2022-9-28,4018102,314,102169,0,5.243,0,37.27,32.38,1
 2022-9-29,4018425,323,102169,0,5.393,0,37.28,32.39,1
 2022-9-30,4018768,343,102185,16,5.727,0.267,37.28,32.39,1
 2022-10-1,4018768,0,102185,0,0,0,37.28,32.39,1
 2022-10-2,4018768,0,102185,0,0,0,37.28,32.39,0
 2022-10-3,4019077,309,102185,0,5.159,0,37.28,32.39,1
 2022-10-4,4019077,0,102185,0,0,0,37.29,32.4,1
 2022-10-5,4019800,723,102185,0,12.071,0,37.29,32.4,1
 2022-10-6,4020142,342,102194,9,5.71,0.15,37.3,32.41,1
 2022-10-7,4020429,287,102194,0,4.792,0,37.3,32.41,1
 2022-10-8,4020788,359,102194,0,5.994,0,37.31,32.42,1
 2022-10-9,4020788,0,102194,0,0,0,37.31,32.42,1
 2022-10-10,4020788,0,102194,0,0,0,37.31,32.42,0
 2022-10-11,4021386,598,102194,0,9.984,0,37.31,32.42,1
 2022-10-12,4021746,360,102194,0,6.011,0,37.32,32.43,1
 2022-10-13,4022107,361,102246,52,6.027,0.868,37.32,32.43,1
 2022-10-14,4022577,470,102246,0,7.847,0,37.33,32.44,1
 2022-10-15,4022973,396,102246,0,6.612,0,37.33,32.44,1
 2022-10-16,4023358,385,102246,0,6.428,0,37.33,32.44,1
 2022-10-17,4023358,0,102246,0,0,0,37.33,32.44,1
 2022-10-18,4023732,374,102246,0,6.244,0,37.34,32.45,1
 2022-10-19,4024129,397,102246,0,6.628,0,37.34,32.46,1
 2022-10-20,4024553,424,102257,11,7.079,0.184,37.35,32.46,1
 2022-10-21,4024959,406,102257,0,6.779,0,37.36,32.47,1
 2022-10-22,4025375,416,102257,0,6.946,0,37.36,32.47,1
 2022-10-23,4025375,0,102257,0,0,0,37.36,32.48,1
 2022-10-24,4025375,0,102257,0,0,0,37.36,32.48,0
 2022-10-25,4026068,693,102257,0,11.57,0,37.37,32.48,1
 2022-10-26,4026437,369,102257,0,6.161,0,37.37,32.49,1
 2022-10-27,4026786,349,102311,54,5.827,0.902,37.38,32.49,1
 2022-10-28,4027157,371,102311,0,6.194,0,37.38,32.5,1
 2022-10-29,4027567,410,102311,0,6.845,0,37.39,32.5,1
 2022-10-30,4027744,177,102311,0,2.955,0,37.39,32.5,1
 2022-10-31,4028160,416,102311,0,6.946,0,37.39,32.5,1
 2022-11-1,4028308,148,102311,0,2.471,0,37.39,32.51,1
 2022-11-2,4028651,343,102311,0,5.727,0,37.4,32.51,1
 2022-11-3,4029027,376,102363,52,6.278,0.868,37.41,32.52,1
 2022-11-4,4029496,469,102363,0,7.831,0,37.41,32.52,1
 2022-11-5,4029737,241,102363,0,4.024,0,37.42,32.53,1
 2022-11-6,4029737,0,102363,0,0,0,37.42,32.53,1
 2022-11-7,4029942,205,102363,0,3.423,0,37.42,32.53,1
 2022-11-8,4030660,718,102363,0,11.988,0,37.42,32.53,1
 2022-11-9,4031096,436,102363,0,7.28,0,37.43,32.54,1
 2022-11-10,4031624,528,102371,8,8.816,0.134,37.43,32.54,1
 2022-11-11,4031624,0,102371,0,0,0,37.44,32.55,1
 2022-11-12,4032718,1094,102371,0,18.266,0,37.45,32.56,1
 2022-11-13,4033182,464,102371,0,7.747,0,37.45,32.56,1
 2022-11-14,4033182,0,102371,0,0,0,37.45,32.56,1
 2022-11-15,4034343,1161,102371,0,19.384,0,37.45,32.56,1
 2022-11-16,4035522,1179,102371,0,19.685,0,37.46,32.57,1
 2022-11-17,4036165,643,102395,24,10.736,0.401,37.46,32.57,1
 2022-11-18,4036623,458,102395,0,7.647,0,37.47,32.58,1
 2022-11-19,4037221,598,102395,0,9.984,0,37.47,32.58,1
 2022-11-20,4037221,0,102395,0,0,0,37.48,32.59,1
 2022-11-21,4037221,0,102395,0,0,0,37.48,32.59,0
 2022-11-22,4038121,900,102395,0,15.027,0,37.48,32.59,1
 2022-11-23,4038501,380,102395,0,6.345,0,37.48,32.59,1
 2022-11-24,4039344,843,102395,0,14.075,0,37.49,32.6,1
 2022-11-25,4039858,514,102428,33,8.582,0.551,37.5,32.61,1
 2022-11-26,4039858,0,102428,0,0,0,37.5,32.61,1
 2022-11-27,4040939,1081,102428,0,18.049,0,37.5,32.61,1
 2022-11-28,4040939,0,102428,0,0,0,37.5,32.61,1
 2022-11-29,4040980,41,102428,0,0.685,0,37.51,32.61,1
 2022-11-30,4040980,0,102428,0,0,0,37.51,32.62,1
 2022-12-1,4040980,0,102464,36,0,0.601,37.52,32.63,0
 2022-12-2,4040980,0,102464,0,0,0,37.52,32.63,0
 2022-12-3,4040980,0,102464,0,0,0,37.52,32.63,0
 2022-12-4,4042912,1932,102464,0,32.257,0,37.53,32.64,1
 2022-12-5,4042912,0,102464,0,0,0,37.53,32.64,1
 2022-12-6,4042912,0,102464,0,0,0,37.53,32.64,0
 2022-12-7,4042912,0,102464,0,0,0,37.53,32.64,0
 2022-12-8,4042912,0,102550,86,0,1.436,37.54,32.65,0
 2022-12-9,4042912,0,102550,0,0,0,37.54,32.65,0
 2022-12-10,4042912,0,102550,0,0,0,37.54,32.65,0
 2022-12-11,4042912,0,102550,0,0,0,37.54,32.65,0
 2022-12-12,4045262,2350,102550,0,39.236,0,37.54,32.65,1
 2022-12-13,4045262,0,102550,0,0,0,37.55,32.65,1
 2022-12-14,4045262,0,102550,0,0,0,37.55,32.66,0
 2022-12-15,4045262,0,102568,18,0,0.301,37.55,32.66,0
 2022-12-16,4045262,0,102568,0,0,0,37.56,32.66,0
 2022-12-17,4045262,0,102568,0,0,0,37.56,32.66,0
 2022-12-18,4045262,0,102568,0,0,0,40.01,35.11,0
 2022-12-19,4046603,1341,102568,0,22.39,0,40.01,35.11,1
 2022-12-20,4046603,0,102568,0,0,0,40.01,35.11,1
 2022-12-21,4046603,0,102568,0,0,0,40.01,35.11,0
 2022-12-22,4046603,0,102568,0,0,0,40.01,35.11,0
 2022-12-23,4046603,0,102568,0,0,0,40.01,35.11,0
 2022-12-24,4046603,0,102568,0,0,0,40.01,35.11,0
 2022-12-25,4048232,1629,102568,0,27.198,0,40.02,35.13,1
 2022-12-26,4048232,0,102568,0,0,0,40.02,35.13,1
 2022-12-27,4048281,49,102568,0,0.818,0,40.02,35.13,1
 2022-12-28,4048281,0,102568,0,0,0,40.02,35.13,1
 2022-12-29,4048580,299,102568,0,4.992,0,40.02,35.13,1
 2022-12-30,4048580,0,102568,0,0,0,40.02,35.13,1
 2022-12-31,4048580,0,102568,0,0,0,40.02,35.13,0
 2023-1-1,4048580,0,102568,0,0,0,40.02,35.13,0
 2023-1-2,4049319,739,102568,0,12.338,0,40.02,35.13,1
 2023-1-3,4049319,0,102568,0,0,0,40.02,35.13,1
 2023-1-4,4049319,0,102568,0,0,0,40.02,35.13,0
 2023-1-5,4049319,0,102568,0,0,0,40.02,35.13,0
 2023-1-6,4049319,0,102568,0,0,0,40.02,35.13,0
 2023-1-7,4049319,0,102568,0,0,0,40.02,35.13,0
 2023-1-8,4050288,969,102568,0,16.179,0,40.02,35.13,1
 2023-1-9,4050288,0,102568,0,0,0,40.02,35.13,1
 2023-1-10,4050288,0,102568,0,0,0,40.02,35.13,0
 2023-1-11,4050288,0,102568,0,0,0,40.02,35.13,0
 2023-1-12,4050288,0,102568,0,0,0,40.02,35.13,0
 2023-1-13,4050288,0,102568,0,0,0,40.02,35.13,0
 2023-1-14,4050288,0,102568,0,0,0,40.02,35.13,0
 2023-1-15,4051787,1499,102568,0,25.028,0,40.02,35.13,1
 2023-1-16,4051787,0,102568,0,0,0,40.02,35.13,1
 2023-1-17,4051891,104,102568,0,1.736,0,40.02,35.13,1
 2023-1-18,4052114,223,102568,0,3.723,0,40.02,35.13,1
 2023-1-19,4052988,874,102568,0,14.592,0,40.02,35.13,1
 2023-1-20,4053787,799,102588,20,13.34,0.334,40.02,35.13,1
 2023-1-21,4053787,0,102588,0,0,0,40.02,35.13,1
 2023-1-22,4054206,419,102595,7,6.996,0.117,40.02,35.13,1
 2023-1-23,4054206,0,102595,0,0,0,40.02,35.13,1
 2023-1-24,4054206,0,102595,0,0,0,40.02,35.13,0
 2023-1-25,4054206,0,102595,0,0,0,40.02,35.13,0
 2023-1-26,4054206,0,102595,0,0,0,40.02,35.13,0
 2023-1-27,4054206,0,102595,0,0,0,40.02,35.13,0
 2023-1-28,4054206,0,102595,0,0,0,40.02,35.13,0
 2023-1-29,4055656,1450,102595,0,24.209,0,40.02,35.13,1
 2023-1-30,4055656,0,102595,0,0,0,40.02,35.13,1
 2023-1-31,4055656,0,102595,0,0,0,40.02,35.13,0
 2023-2-1,4055656,0,102595,0,0,0,40.02,35.13,0
 2023-2-2,4055656,0,102595,0,0,0,40.02,35.13,0
 2023-2-3,4055656,0,102595,0,0,0,40.02,35.13,0
 2023-2-4,4055656,0,102595,0,0,0,40.02,35.13,0
 2023-2-5,4057134,1478,102595,0,24.677,0,40.02,35.13,1
 2023-2-6,4057134,0,102595,0,0,0,40.02,35.13,1
 2023-2-7,4057134,0,102595,0,0,0,40.02,35.13,0
 2023-2-8,4057134,0,102595,0,0,0,40.02,35.13,0
 2023-2-9,4057134,0,102595,0,0,0,40.02,35.13,0
 2023-2-10,4057134,0,102595,0,0,0,40.02,35.13,0
 2023-2-11,4057134,0,102595,0,0,0,40.02,35.13,0
 2023-2-12,4058915,1781,102595,0,29.736,0,40.02,35.13,1
 2023-2-13,4058915,0,102595,0,0,0,40.02,35.13,1
 2023-2-14,4058915,0,102595,0,0,0,40.02,35.13,0
 2023-2-15,4058915,0,102595,0,0,0,40.02,35.13,0
 2023-2-16,4058915,0,102595,0,0,0,40.02,35.13,0
 2023-2-17,4058915,0,102595,0,0,0,40.02,35.13,0
 2023-2-18,4058915,0,102595,0,0,0,40.02,35.13,0
 2023-2-19,4060385,1470,102595,0,24.543,0,40.02,35.13,1
 2023-2-20,4060385,0,102595,0,0,0,40.02,35.13,1
 2023-2-21,4060385,0,102595,0,0,0,40.02,35.13,0
 2023-2-22,4060385,0,102595,0,0,0,40.02,35.13,0
 2023-2-23,4060385,0,102595,0,0,0,40.02,35.13,0
 2023-2-24,4060385,0,102595,0,0,0,40.02,35.13,0
 2023-2-25,4060385,0,102595,0,0,0,40.02,35.13,0
 2023-2-26,4061578,1193,102595,0,19.919,0,40.02,35.13,1
 2023-2-27,4061578,0,102595,0,0,0,40.02,35.13,1
 2023-2-28,4061578,0,102595,0,0,0,40.02,35.13,0
 2023-3-1,4061578,0,102595,0,0,0,40.02,35.13,0
 2023-3-2,4061578,0,102595,0,0,0,40.02,35.13,0
 2023-3-3,4061578,0,102595,0,0,0,40.02,35.13,0
 2023-3-4,4061578,0,102595,0,0,0,40.02,35.13,0
 2023-3-5,4065743,4165,102595,0,69.54,0,40.02,35.13,1
 2023-3-6,4065743,0,102595,0,0,0,40.02,35.13,1
 2023-3-7,4065743,0,102595,0,0,0,40.02,35.13,0
 2023-3-8,4065743,0,102595,0,0,0,40.02,35.13,0
 2023-3-9,4065743,0,102595,0,0,0,40.02,35.13,0
 2023-3-10,4065743,0,102595,0,0,0,40.02,35.13,0
 2023-3-11,4065743,0,102595,0,0,0,40.02,35.13,0
 2023-3-12,4068224,2481,102595,0,41.423,0,40.33,35.13,1
 2023-3-13,4068224,0,102595,0,0,0,40.33,35.13,1
 2023-3-14,4068224,0,102595,0,0,0,40.33,35.13,0
 2023-3-15,4068224,0,102595,0,0,0,40.33,35.13,0
 2023-3-16,4068224,0,102595,0,0,0,40.33,35.13,0
 2023-3-17,4068224,0,102595,0,0,0,40.33,35.13,0
 2023-3-18,4068224,0,102595,0,0,0,40.33,35.13,0
 2023-3-19,4070434,2210,102595,0,36.899,0,40.35,35.13,1
 2023-3-20,4070434,0,102595,0,0,0,40.35,35.13,1
 2023-3-21,4070434,0,102595,0,0,0,40.35,35.13,0
 2023-3-22,4070434,0,102595,0,0,0,40.35,35.13,0
 2023-3-23,4070434,0,102595,0,0,0,40.35,35.13,0
 2023-3-24,4070434,0,102595,0,0,0,40.35,35.13,0
 2023-3-25,4070434,0,102595,0,0,0,40.35,35.13,0
 2023-3-26,4072533,2099,102595,0,35.045,0,40.35,35.13,1
 2023-3-27,4072533,0,102595,0,0,0,40.35,35.13,1
 2023-3-28,4072533,0,102595,0,0,0,40.35,35.13,0
 2023-3-29,4072533,0,102595,0,0,0,40.35,35.13,0
 2023-3-30,4072533,0,102595,0,0,0,40.35,35.13,0
 2023-3-31,4072533,0,102595,0,0,0,40.35,35.13,0
 2023-4-1,4072533,0,102595,0,0,0,40.35,35.13,0
 2023-4-2,4072533,0,102595,0,0,0,40.35,35.13,0
 2023-4-3,4072533,0,102595,0,0,0,40.35,35.13,0
 2023-4-4,4072533,0,102595,0,0,0,40.35,35.13,0
 2023-4-5,4072533,0,102595,0,0,0,40.35,35.13,0
 2023-4-6,4072533,0,102595,0,0,0,40.35,35.13,0
 2023-4-7,4072533,0,102595,0,0,0,40.35,35.13,0
 2023-4-8,4072533,0,102595,0,0,0,40.35,35.13,0
 2023-4-9,4072533,0,102595,0,0,0,40.35,35.13,0
 2023-4-10,4072533,0,102595,0,0,0,40.35,35.13,0
 2023-4-11,4072533,0,102595,0,0,0,40.35,35.13,0
 2023-4-12,4072533,0,102595,0,0,0,40.35,35.13,0
 2023-4-13,4072533,0,102595,0,0,0,40.35,35.13,0
 2023-4-14,4072533,0,102595,0,0,0,40.35,35.13,0
 2023-4-15,4072533,0,102595,0,0,0,40.35,35.13,0
 2023-4-16,4072533,0,102595,0,0,0,40.35,35.13,0
 2023-4-17,4072533,0,102595,0,0,0,40.35,35.13,0
 2023-4-18,4072533,0,102595,0,0,0,40.35,35.13,0
 2023-4-19,4072533,0,102595,0,0,0,40.35,35.13,0
 2023-4-20,4072533,0,102595,0,0,0,40.35,35.13,0
 2023-4-21,4072533,0,102595,0,0,0,40.35,35.13,0
 2023-4-22,4072533,0,102595,0,0,0,40.35,35.13,0
 2023-4-23,4072533,0,102595,0,0,0,40.35,35.13,0
 2023-4-24,4072533,0,102595,0,0,0,40.35,35.13,0
 2023-4-25,4072533,0,102595,0,0,0,40.35,35.13,0
 2023-4-26,4072533,0,102595,0,0,0,40.35,35.13,0
 2023-4-27,4072533,0,102595,0,0,0,40.35,35.13,0
 2023-4-28,4072533,0,102595,0,0,0,40.35,35.13,0
 2023-4-29,4072533,0,102595,0,0,0,40.35,35.13,0
 2023-4-30,4072533,0,102595,0,0,0,40.35,35.13,0
 2023-5-1,4072533,0,102595,0,0,0,40.35,35.13,0
 2023-5-2,4072533,0,102595,0,0,0,40.35,35.13,0
 2023-5-3,4072533,0,102595,0,0,0,40.35,35.13,0
 2023-5-4,4072533,0,102595,0,0,0,40.35,35.13,0
 2023-5-5,4072533,0,102595,0,0,0,40.35,35.13,0
 2023-5-6,4072533,0,102595,0,0,0,40.35,35.13,0
 2023-5-7,4072533,0,102595,0,0,0,40.35,35.13,0
 2023-5-8,4072533,0,102595,0,0,0,40.35,35.13,0
 2023-5-9,4072533,0,102595,0,0,0,40.35,35.13,0
 2023-5-10,4072533,0,102595,0,0,0,40.35,35.13,0
 2023-5-11,4072533,0,102595,0,0,0,40.35,35.13,0
 2023-5-12,4072533,0,102595,0,0,0,40.35,35.13,0
 2023-5-13,4072533,0,102595,0,0,0,40.35,35.13,0
 2023-5-14,4072533,0,102595,0,0,0,40.42,35.13,0
 2023-5-15,4072533,0,102595,0,0,0,40.42,35.13,0
 2023-5-16,4072533,0,102595,0,0,0,40.42,35.13,0
 2023-5-17,4072533,0,102595,0,0,0,40.42,35.13,0
 2023-5-18,4072533,0,102595,0,0,0,40.42,35.13,0
 2023-5-19,4072533,0,102595,0,0,0,40.42,35.13,0
 2023-5-20,4072533,0,102595,0,0,0,40.42,35.13,0
 2023-5-21,4072533,0,102595,0,0,0,40.42,35.13,0
 2023-5-22,4072533,0,102595,0,0,0,40.42,35.13,0
 2023-5-23,4072533,0,102595,0,0,0,40.42,35.13,0
 2023-5-24,4072533,0,102595,0,0,0,40.42,35.13,0
 2023-5-25,4072533,0,102595,0,0,0,40.42,35.13,0
 2023-5-26,4072533,0,102595,0,0,0,40.42,35.13,0
 2023-5-27,4072533,0,102595,0,0,0,40.42,35.13,0
 2023-5-28,4072533,0,102595,0,0,0,40.42,35.13,0
 2023-5-29,4072533,0,102595,0,0,0,40.42,35.13,0
 2023-5-30,4072533,0,102595,0,0,0,40.42,35.13,0
 2023-5-31,4072533,0,102595,0,0,0,40.42,35.13,0
